41 0.575627 0.904966 0.575235 0.905251 0.574451 0.905251 0.574060 0.905537 0.573668 0.905537 0.573276 0.905822 0.572492 0.905822 0.571708 0.906393 0.570533 0.906393 0.569357 0.907249 0.568966 0.907249 0.568182 0.907820 0.567790 0.907820 0.566614 0.908676 0.566223 0.908676 0.565831 0.908961 0.565831 0.909247 0.565047 0.909817 0.564655 0.909817 0.564263 0.910103 0.564263 0.910388 0.563088 0.911244 0.563088 0.911530 0.562304 0.912100 0.562304 0.912386 0.561520 0.912957 0.561520 0.913242 0.561129 0.913527 0.561129 0.914098 0.560737 0.914384 0.560737 0.914669 0.560345 0.914954 0.560345 0.915525 0.559953 0.915811 0.559953 0.916667 0.559561 0.916952 0.559561 0.918664 0.559169 0.918950 0.559169 0.922089 0.559561 0.922374 0.559561 0.924943 0.559953 0.925228 0.559953 0.926655 0.560345 0.926941 0.560345 0.927511 0.559953 0.927797 0.559953 0.928082 0.560345 0.927797 0.560737 0.928082 0.560737 0.928368 0.560345 0.928653 0.560345 0.928938 0.560737 0.928938 0.561129 0.929224 0.561129 0.930365 0.561520 0.930651 0.561520 0.931221 0.561912 0.931507 0.561912 0.932363 0.562304 0.932648 0.562304 0.933505 0.562696 0.933790 0.562696 0.934361 0.563088 0.934646 0.563088 0.935502 0.563480 0.935788 0.563480 0.936358 0.563871 0.936644 0.563871 0.936929 0.564263 0.937215 0.564263 0.938071 0.564655 0.938356 0.564655 0.938642 0.565439 0.939212 0.565439 0.939498 0.565831 0.939783 0.565831 0.940068 0.566614 0.940639 0.566614 0.940925 0.567006 0.941210 0.567006 0.941495 0.568182 0.942352 0.568182 0.942637 0.568574 0.942637 0.568966 0.942922 0.568966 0.943208 0.569749 0.943779 0.570141 0.943779 0.570533 0.944064 0.570533 0.944349 0.571317 0.944920 0.571708 0.944920 0.572492 0.945491 0.572884 0.945491 0.573668 0.946062 0.574060 0.946062 0.574451 0.946347 0.574843 0.946347 0.575235 0.946632 0.575627 0.946632 0.576019 0.946918 0.576411 0.946918 0.576803 0.947203 0.577586 0.947203 0.577978 0.947489 0.578370 0.947489 0.578762 0.947774 0.579545 0.947774 0.579937 0.948059 0.581113 0.948059 0.581505 0.948345 0.584248 0.948345 0.584639 0.948630 0.588558 0.948630 0.588950 0.948916 0.589734 0.948345 0.592085 0.948345 0.592476 0.948059 0.593652 0.948059 0.594044 0.947774 0.595219 0.947774 0.595611 0.947489 0.596787 0.947489 0.597179 0.947203 0.598354 0.947203 0.598746 0.946918 0.599138 0.946918 0.599530 0.946632 0.600313 0.946632 0.600705 0.946347 0.601489 0.946347 0.602273 0.945776 0.602665 0.945776 0.603056 0.945491 0.603840 0.945491 0.604624 0.944920 0.605016 0.944920 0.605408 0.944635 0.605799 0.944635 0.606583 0.944064 0.606975 0.944064 0.607367 0.943779 0.607759 0.943779 0.608542 0.943208 0.608934 0.943208 0.609718 0.942637 0.610110 0.942637 0.611285 0.941781 0.611677 0.941781 0.611677 0.941495 0.612069 0.941210 0.612461 0.941210 0.613636 0.940354 0.614028 0.940354 0.614028 0.939783 0.614420 0.939498 0.614812 0.939498 0.614812 0.939212 0.615596 0.938642 0.615596 0.938356 0.616771 0.937500 0.617163 0.937500 0.616771 0.937215 0.616771 0.936929 0.617163 0.936644 0.617163 0.936073 0.617555 0.935788 0.617947 0.935788 0.617947 0.934932 0.618339 0.934646 0.618339 0.933790 0.618730 0.933505 0.618730 0.931221 0.619122 0.930936 0.619122 0.926084 0.619514 0.925799 0.619514 0.924943 0.619122 0.924658 0.619122 0.920662 0.618730 0.920377 0.618730 0.919806 0.618339 0.919521 0.618339 0.918379 0.617947 0.918094 0.617947 0.917237 0.617555 0.916952 0.617555 0.916667 0.617163 0.916381 0.617163 0.915525 0.616771 0.915240 0.616771 0.914954 0.616379 0.914669 0.616379 0.914098 0.615987 0.913813 0.615987 0.913242 0.615596 0.913242 0.615204 0.912957 0.615204 0.912386 0.614812 0.912100 0.614812 0.911815 0.614028 0.911244 0.614028 0.910959 0.613245 0.910388 0.612853 0.910388 0.610893 0.908961 0.610893 0.908676 0.610502 0.908961 0.609326 0.908105 0.606975 0.908105 0.606583 0.908390 0.605799 0.908390 0.605408 0.908105 0.605016 0.908105 0.604624 0.908390 0.604232 0.908105 0.601881 0.908105 0.601489 0.907820 0.601881 0.907534 0.602273 0.907534 0.601881 0.907534 0.601489 0.907820 0.598746 0.907820 0.598354 0.907534 0.598354 0.907249 0.597962 0.907534 0.597571 0.907534 0.597179 0.907249 0.596787 0.907249 0.596003 0.906678 0.596003 0.906393 0.594044 0.906393 0.593652 0.906107 0.592476 0.906107 0.592085 0.905822 0.590517 0.905822 0.590125 0.905537 0.586207 0.905537 0.585815 0.905251 0.581113 0.905251 0.580721 0.904966
41 0.588950 0.926941 0.589342 0.926655 0.590125 0.926655 0.590517 0.926941 0.590517 0.927226 0.590909 0.927511 0.590909 0.928938 0.591301 0.929224 0.591301 0.930651 0.591693 0.930936 0.591693 0.934646 0.591301 0.934932 0.591301 0.935502 0.590909 0.935788 0.590909 0.936358 0.590517 0.936644 0.590517 0.936929 0.588950 0.938071 0.588558 0.938071 0.588166 0.938356 0.586991 0.938356 0.586599 0.938642 0.586207 0.938642 0.585815 0.938927 0.585423 0.938927 0.585031 0.939212 0.581505 0.939212 0.581113 0.938927 0.580721 0.938927 0.580329 0.938642 0.580329 0.938356 0.579937 0.938356 0.579545 0.938071 0.579545 0.937500 0.578762 0.936929 0.578370 0.936929 0.577586 0.936358 0.577586 0.936073 0.575627 0.934646 0.575627 0.933790 0.576019 0.933505 0.576019 0.932648 0.576411 0.932363 0.576411 0.932078 0.576803 0.931792 0.576803 0.931507 0.577194 0.931221 0.577194 0.930936 0.577586 0.930651 0.577586 0.930365 0.577978 0.930080 0.577978 0.929795 0.579937 0.928368 0.580329 0.928368 0.580721 0.928082 0.581113 0.928082 0.581505 0.927797 0.582288 0.927797 0.582680 0.927511 0.583856 0.927511 0.584248 0.927226 0.586207 0.927226 0.586599 0.926941 0.588558 0.926941 0.588950 0.927226
41 0.594436 0.926084 0.594828 0.925799 0.599922 0.925799 0.600313 0.926084 0.601489 0.926084 0.601881 0.926370 0.601881 0.926655 0.602273 0.926370 0.602665 0.926655 0.603056 0.926655 0.603840 0.927226 0.604232 0.927226 0.604624 0.927511 0.605016 0.927511 0.605408 0.927797 0.605016 0.928082 0.605408 0.927797 0.605799 0.928082 0.606191 0.928082 0.606975 0.928653 0.606583 0.928938 0.606975 0.928653 0.607759 0.929224 0.607759 0.930080 0.608150 0.930365 0.608150 0.930936 0.607759 0.931221 0.607759 0.931792 0.607367 0.932078 0.607367 0.932363 0.606583 0.932934 0.606191 0.932648 0.606191 0.933505 0.605799 0.933790 0.605016 0.933790 0.605016 0.934361 0.603840 0.935217 0.603448 0.935217 0.603056 0.935502 0.602665 0.935217 0.601489 0.935217 0.601097 0.935502 0.600705 0.935217 0.600705 0.934932 0.600313 0.935217 0.599922 0.935217 0.599138 0.934646 0.598354 0.934646 0.597962 0.934361 0.598354 0.934075 0.597962 0.934361 0.597571 0.934075 0.596787 0.934075 0.596395 0.933790 0.596003 0.933790 0.594828 0.932934 0.595219 0.932648 0.594828 0.932363 0.594828 0.932078 0.594436 0.932363 0.594044 0.932078 0.594044 0.931792 0.593652 0.931507 0.593652 0.930936 0.593260 0.930651 0.593260 0.929795 0.592868 0.929509 0.592868 0.929224 0.592476 0.928938 0.592476 0.928368 0.592085 0.928082 0.592085 0.927511 0.591693 0.927226 0.591693 0.926941 0.592085 0.926655 0.592085 0.926370 0.592476 0.926084
41 0.595219 0.914098 0.595611 0.913813 0.598354 0.913813 0.598746 0.914098 0.598746 0.914384 0.599138 0.914098 0.600313 0.914098 0.601881 0.915240 0.601881 0.915525 0.602273 0.915811 0.601881 0.916096 0.602273 0.915811 0.603056 0.916381 0.603448 0.916381 0.605016 0.917523 0.605016 0.918094 0.605408 0.918379 0.605408 0.920377 0.605016 0.920662 0.605016 0.920947 0.604624 0.921233 0.604624 0.921518 0.604232 0.921804 0.604232 0.922089 0.603840 0.922374 0.603840 0.922660 0.603056 0.923231 0.602665 0.923231 0.601881 0.923801 0.601489 0.923801 0.601097 0.924087 0.600705 0.924087 0.600313 0.923801 0.599922 0.923801 0.600313 0.923801 0.600705 0.924087 0.600313 0.924372 0.599530 0.924372 0.599138 0.924658 0.596395 0.924658 0.596003 0.924943 0.592476 0.924943 0.592085 0.924658 0.591693 0.924658 0.591301 0.924372 0.591301 0.922660 0.590909 0.922374 0.590909 0.920947 0.590517 0.920662 0.590517 0.920091 0.590909 0.919806 0.590517 0.919521 0.590517 0.919235 0.590909 0.918950 0.590909 0.917808 0.591301 0.917523 0.591301 0.917237 0.591693 0.916952 0.591693 0.916667 0.592085 0.916381 0.592085 0.916096 0.592476 0.915811 0.592868 0.915811 0.592868 0.915525 0.594828 0.914098
41 0.577194 0.914098 0.577586 0.913813 0.577978 0.913813 0.578370 0.914098 0.579545 0.914098 0.579937 0.914384 0.580329 0.914384 0.580721 0.914669 0.581505 0.914669 0.582288 0.915240 0.583072 0.915240 0.583464 0.915525 0.583856 0.915525 0.584248 0.915811 0.584639 0.915811 0.585031 0.916096 0.585423 0.916096 0.585815 0.916381 0.586207 0.916381 0.586599 0.916667 0.586991 0.916667 0.587382 0.916952 0.587382 0.917237 0.588166 0.917808 0.588166 0.918094 0.588558 0.918379 0.588558 0.919235 0.588950 0.919521 0.588950 0.920377 0.589342 0.920662 0.589342 0.921518 0.589734 0.921804 0.589734 0.922945 0.590125 0.923231 0.590125 0.924943 0.589734 0.925228 0.589342 0.924943 0.589342 0.925514 0.588950 0.925799 0.588166 0.925799 0.587774 0.926084 0.584248 0.926084 0.583856 0.926370 0.579937 0.926370 0.579545 0.926084 0.577978 0.926084 0.577194 0.925514 0.576803 0.925514 0.576019 0.924943 0.576411 0.924658 0.576019 0.924943 0.574060 0.923516 0.573668 0.923516 0.573276 0.923231 0.573276 0.922945 0.572884 0.922660 0.573276 0.922374 0.572884 0.922374 0.572100 0.921804 0.572100 0.921518 0.571708 0.921233 0.571708 0.920947 0.571317 0.920662 0.571317 0.920377 0.570533 0.919806 0.570533 0.918094 0.570925 0.917808 0.570925 0.917523 0.571317 0.917237 0.571317 0.916667 0.571708 0.916381 0.571708 0.916096 0.572100 0.915811 0.572492 0.915811 0.573276 0.915240 0.573668 0.915240 0.574451 0.914669 0.574843 0.914669 0.575627 0.914098
89 0.270768 0.858447 0.270376 0.858733 0.268809 0.858733 0.268417 0.859018 0.267241 0.859018 0.266850 0.859304 0.265674 0.859304 0.265282 0.859589 0.264498 0.859589 0.264107 0.859874 0.263715 0.859874 0.263323 0.860160 0.262931 0.860160 0.262539 0.860445 0.262147 0.860445 0.261755 0.860731 0.260972 0.860731 0.260580 0.861016 0.260188 0.861016 0.259404 0.861587 0.259013 0.861587 0.258229 0.862158 0.257837 0.862158 0.257445 0.862443 0.257053 0.862443 0.257053 0.862728 0.256661 0.863014 0.255878 0.863014 0.254702 0.863870 0.254310 0.863870 0.253527 0.864441 0.253135 0.864441 0.253135 0.864726 0.252351 0.865297 0.252351 0.866438 0.251959 0.866724 0.251959 0.867580 0.251567 0.867865 0.251567 0.868436 0.251176 0.868721 0.250784 0.868721 0.250784 0.869578 0.250392 0.869863 0.250000 0.869863 0.250000 0.870148 0.248433 0.871290 0.248041 0.871290 0.247649 0.871575 0.247649 0.871861 0.247257 0.872146 0.246865 0.872146 0.245690 0.873002 0.245298 0.873002 0.244906 0.873288 0.244514 0.873288 0.244514 0.873573 0.244122 0.873858 0.244122 0.874144 0.243339 0.874715 0.243339 0.875285 0.242947 0.875571 0.242947 0.875856 0.242555 0.876142 0.242555 0.876712 0.242163 0.876998 0.242163 0.877568 0.241771 0.877854 0.241771 0.878710 0.241379 0.878995 0.241379 0.880137 0.240987 0.880422 0.240987 0.880993 0.240596 0.881279 0.240596 0.882135 0.240204 0.882420 0.240204 0.883276 0.239812 0.883562 0.239812 0.885559 0.239420 0.885845 0.239420 0.886130 0.239812 0.886416 0.239812 0.890126 0.240204 0.890411 0.240204 0.890696 0.240596 0.890982 0.240596 0.892123 0.240987 0.892409 0.240987 0.892979 0.241379 0.893265 0.241379 0.893836 0.241771 0.894121 0.241771 0.894406 0.242555 0.894977 0.242555 0.895263 0.242947 0.895548 0.242947 0.895833 0.243339 0.896119 0.243339 0.896404 0.243730 0.896689 0.243730 0.896975 0.244122 0.896975 0.244514 0.897260 0.244514 0.898116 0.245690 0.898973 0.245298 0.899258 0.245690 0.898973 0.246082 0.899258 0.246082 0.899543 0.246473 0.899829 0.246473 0.900114 0.247649 0.900970 0.247649 0.901541 0.248041 0.901541 0.248433 0.901826 0.248433 0.902112 0.249608 0.902968 0.249608 0.903253 0.250784 0.904110 0.250784 0.904395 0.251176 0.904680 0.251567 0.904680 0.253527 0.906107 0.253918 0.906107 0.255486 0.907249 0.255878 0.907249 0.256270 0.907534 0.256661 0.907534 0.257053 0.907820 0.257053 0.908105 0.257445 0.908390 0.258229 0.908390 0.259013 0.908961 0.259404 0.908961 0.260188 0.909532 0.260972 0.909532 0.261364 0.909817 0.261755 0.909817 0.262147 0.910103 0.262931 0.910103 0.263323 0.910388 0.263323 0.910674 0.263715 0.910388 0.264107 0.910388 0.264498 0.910674 0.266066 0.910674 0.266458 0.910959 0.266458 0.911530 0.266850 0.911530 0.267241 0.911244 0.267633 0.911244 0.268025 0.911530 0.268809 0.911530 0.269201 0.911815 0.269592 0.911815 0.269984 0.912100 0.269592 0.912386 0.269984 0.912100 0.271160 0.912100 0.271552 0.912386 0.273119 0.912386 0.273511 0.912671 0.275470 0.912671 0.275862 0.912957 0.282524 0.912957 0.282915 0.912671 0.284483 0.912671 0.284875 0.912957 0.284875 0.912671 0.285266 0.912386 0.286442 0.912386 0.286834 0.912100 0.288009 0.912100 0.288401 0.911815 0.288793 0.911815 0.289185 0.911530 0.289577 0.911530 0.289969 0.911815 0.289969 0.911530 0.290752 0.910959 0.291144 0.910959 0.291536 0.910674 0.292320 0.910674 0.292712 0.910388 0.293103 0.910388 0.293887 0.909817 0.294279 0.909817 0.295063 0.909247 0.295455 0.909532 0.295846 0.909532 0.295455 0.909247 0.295846 0.908961 0.296238 0.908961 0.297022 0.908390 0.297414 0.908676 0.297414 0.908390 0.297806 0.908105 0.298197 0.908105 0.298981 0.907534 0.299373 0.907534 0.300940 0.906393 0.301332 0.906393 0.303292 0.904966 0.303683 0.905251 0.303292 0.904966 0.304467 0.904110 0.304859 0.904395 0.304859 0.904680 0.304859 0.904395 0.304467 0.904110 0.305251 0.903539 0.305251 0.903253 0.306426 0.902397 0.306818 0.902683 0.306426 0.902397 0.306818 0.902112 0.306818 0.901826 0.307602 0.901256 0.307602 0.900970 0.307994 0.900685 0.307994 0.900400 0.308386 0.900114 0.308777 0.900400 0.309169 0.900400 0.309169 0.900114 0.308777 0.899829 0.308777 0.899543 0.309169 0.899258 0.309169 0.898973 0.309561 0.898687 0.309561 0.898402 0.309953 0.898116 0.309953 0.897831 0.310345 0.897546 0.310345 0.896975 0.310737 0.896689 0.310737 0.896119 0.311129 0.895833 0.311129 0.895548 0.311520 0.895263 0.311520 0.894692 0.311912 0.894406 0.311912 0.893836 0.312304 0.893550 0.312304 0.892694 0.312696 0.892409 0.313088 0.892409 0.312696 0.892123 0.312696 0.891838 0.313088 0.891553 0.313088 0.889840 0.313480 0.889555 0.313480 0.886986 0.313871 0.886701 0.313871 0.885845 0.313480 0.885559 0.313480 0.885274 0.313871 0.884989 0.313871 0.884703 0.313480 0.884418 0.313480 0.882705 0.313088 0.882420 0.313088 0.881279 0.312696 0.880993 0.312696 0.880422 0.313088 0.880137 0.313088 0.879566 0.313088 0.879852 0.312696 0.880137 0.312304 0.879852 0.312304 0.879281 0.312696 0.878995 0.312304 0.879281 0.311912 0.878995 0.311912 0.878425 0.311520 0.878139 0.311520 0.877854 0.311129 0.877568 0.311129 0.877283 0.310737 0.876998 0.310737 0.876712 0.310345 0.876427 0.310345 0.876142 0.309953 0.875856 0.309953 0.875571 0.309169 0.875000 0.309169 0.874715 0.308386 0.874144 0.308386 0.873858 0.307602 0.873288 0.307602 0.873002 0.307210 0.873002 0.306818 0.872717 0.306818 0.872146 0.305643 0.871290 0.305643 0.871005 0.304467 0.870148 0.304467 0.869863 0.304075 0.869863 0.303683 0.869578 0.303683 0.869292 0.301332 0.867580 0.300940 0.867580 0.300549 0.867295 0.300549 0.867009 0.300157 0.866724 0.299765 0.866724 0.298197 0.865582 0.297806 0.865582 0.297414 0.865297 0.297022 0.865297 0.295846 0.864441 0.295455 0.864441 0.295063 0.864155 0.294671 0.864155 0.294279 0.863870 0.293887 0.863870 0.293495 0.863584 0.293103 0.863584 0.292712 0.863299 0.292320 0.863299 0.291928 0.863014 0.291536 0.863014 0.291144 0.862728 0.290752 0.862728 0.290361 0.862443 0.288793 0.862443 0.288401 0.862158 0.283307 0.862158 0.282915 0.861872 0.282132 0.861872 0.281740 0.861587 0.280564 0.861587 0.280172 0.861301 0.279389 0.861301 0.278605 0.860731 0.277821 0.860731 0.277038 0.860160 0.276646 0.860160 0.275470 0.859304 0.274687 0.859304 0.273903 0.858733 0.273511 0.858733 0.273119 0.858447
89 0.268025 0.887842 0.268417 0.887557 0.268809 0.887842 0.269201 0.887842 0.269592 0.887557 0.270376 0.888128 0.271160 0.888128 0.271552 0.888413 0.273119 0.888413 0.273511 0.888128 0.273903 0.888413 0.273903 0.888984 0.274295 0.888699 0.274687 0.888984 0.274687 0.889269 0.276254 0.889269 0.276646 0.889555 0.276646 0.889840 0.276254 0.890126 0.276646 0.889840 0.277429 0.890411 0.277429 0.890982 0.277038 0.891267 0.277038 0.891553 0.277038 0.891267 0.277429 0.890982 0.277821 0.891267 0.277821 0.892123 0.278213 0.892409 0.278213 0.892979 0.278605 0.893265 0.278605 0.893836 0.278997 0.894121 0.278997 0.894406 0.279781 0.894977 0.279781 0.896689 0.279389 0.896975 0.279389 0.897546 0.278997 0.897831 0.278997 0.898687 0.278605 0.898973 0.278605 0.899543 0.278213 0.899829 0.278213 0.900114 0.276646 0.901256 0.276646 0.901541 0.275470 0.902397 0.275078 0.902397 0.274687 0.902683 0.273511 0.902683 0.273119 0.902397 0.270768 0.902397 0.270376 0.902683 0.267633 0.902683 0.267241 0.902397 0.266458 0.902397 0.266066 0.902112 0.265282 0.902112 0.264890 0.901826 0.264498 0.901826 0.263715 0.901256 0.263715 0.900970 0.263323 0.900685 0.263323 0.900400 0.262931 0.900114 0.262931 0.899829 0.262539 0.899543 0.262931 0.899258 0.262539 0.899258 0.262147 0.898973 0.261755 0.898973 0.261364 0.898687 0.261364 0.898402 0.260972 0.898116 0.260580 0.898116 0.259796 0.897546 0.259404 0.897546 0.259013 0.897260 0.258621 0.897260 0.257837 0.896689 0.257837 0.896404 0.257445 0.896119 0.257445 0.894692 0.257837 0.894406 0.257837 0.894121 0.258229 0.893836 0.258229 0.893265 0.258621 0.892979 0.258621 0.892123 0.259013 0.891838 0.259013 0.891553 0.260188 0.890696 0.260580 0.890696 0.260580 0.890411 0.260972 0.890126 0.260972 0.889840 0.261364 0.889555 0.261755 0.889555 0.262147 0.889269 0.262931 0.889269 0.263323 0.888984 0.264498 0.888984 0.264890 0.888699 0.265282 0.888699 0.265674 0.888413 0.266458 0.888413 0.267241 0.887842
89 0.281740 0.886416 0.282132 0.886130 0.285658 0.886130 0.286050 0.886416 0.289185 0.886416 0.289577 0.886701 0.293103 0.886701 0.293495 0.886986 0.293887 0.886986 0.295063 0.887842 0.295455 0.887842 0.295846 0.888128 0.295846 0.888413 0.297414 0.889555 0.297414 0.889840 0.297806 0.890126 0.297806 0.890411 0.298197 0.890696 0.298197 0.891553 0.297806 0.891838 0.297806 0.892409 0.297414 0.892694 0.297414 0.894406 0.297022 0.894692 0.297022 0.895263 0.296630 0.895548 0.296630 0.895833 0.294671 0.897260 0.294279 0.897260 0.291536 0.899258 0.291536 0.899543 0.290752 0.900114 0.290752 0.900400 0.289969 0.900970 0.287618 0.900970 0.287226 0.900685 0.286834 0.900685 0.285658 0.899829 0.285658 0.899543 0.285266 0.899543 0.284875 0.899258 0.284875 0.898973 0.284483 0.898687 0.284483 0.898402 0.284091 0.898116 0.284091 0.897546 0.283699 0.897260 0.283699 0.896689 0.283307 0.896404 0.283307 0.895833 0.282915 0.895548 0.282915 0.894977 0.282132 0.894406 0.282132 0.894121 0.281740 0.893836 0.281740 0.893550 0.281348 0.893265 0.281348 0.892694 0.281740 0.892409 0.281348 0.892123 0.281348 0.891553 0.281740 0.891267 0.281740 0.890696 0.281348 0.890411 0.280956 0.890411 0.280564 0.890126 0.280564 0.889840 0.280172 0.889555 0.280172 0.889269 0.279781 0.888984 0.279781 0.888699 0.280172 0.888413 0.280564 0.888699 0.280956 0.888699 0.280564 0.888413 0.280956 0.888128 0.281348 0.888128 0.281740 0.888413
89 0.263323 0.870434 0.264498 0.870434 0.264890 0.870719 0.265282 0.870719 0.265674 0.871005 0.266066 0.871005 0.266458 0.871290 0.266850 0.871290 0.267241 0.871575 0.268025 0.871575 0.268417 0.871861 0.269201 0.871861 0.269592 0.872146 0.269984 0.872146 0.271160 0.873002 0.271160 0.873858 0.271552 0.874144 0.271552 0.874715 0.271944 0.875000 0.271944 0.875856 0.272335 0.876142 0.272335 0.876998 0.272727 0.877283 0.272727 0.878425 0.273119 0.878710 0.273119 0.879281 0.273511 0.879566 0.273511 0.880993 0.273119 0.881279 0.273119 0.883276 0.272727 0.883562 0.271552 0.883562 0.271552 0.884132 0.271160 0.884418 0.270768 0.884132 0.270768 0.884989 0.271160 0.884989 0.271552 0.885274 0.271160 0.885559 0.270768 0.885559 0.270376 0.885845 0.269592 0.885845 0.269201 0.886130 0.263323 0.886130 0.262931 0.885845 0.261755 0.885845 0.261364 0.885559 0.260188 0.885559 0.259796 0.885274 0.259404 0.885274 0.258229 0.884418 0.258621 0.884132 0.258229 0.884418 0.256661 0.883276 0.256661 0.882991 0.256270 0.882705 0.256661 0.882420 0.256270 0.882420 0.255878 0.882135 0.255878 0.881849 0.256270 0.881564 0.255878 0.881849 0.255486 0.881564 0.255486 0.881279 0.255094 0.880993 0.255094 0.880708 0.254702 0.880422 0.254702 0.879852 0.255094 0.879566 0.255094 0.878995 0.255486 0.878710 0.255486 0.878139 0.256270 0.877568 0.256270 0.877283 0.256661 0.876998 0.256661 0.876712 0.257053 0.876427 0.257053 0.875856 0.257445 0.875571 0.257445 0.875285 0.258229 0.874715 0.258229 0.874429 0.259013 0.873858 0.259013 0.873573 0.259404 0.873288 0.259796 0.873288 0.260972 0.872432 0.261364 0.872432 0.262147 0.871861 0.262147 0.871575 0.262539 0.871290 0.262539 0.871005
89 0.281740 0.869863 0.282132 0.869578 0.282915 0.869578 0.283307 0.869863 0.284483 0.869863 0.284875 0.870148 0.285266 0.870148 0.286050 0.870719 0.286442 0.870719 0.287618 0.871575 0.288009 0.871575 0.288793 0.872146 0.289185 0.872146 0.289969 0.872717 0.290361 0.872717 0.292320 0.874144 0.292320 0.874429 0.293495 0.875285 0.293495 0.875571 0.294671 0.876427 0.294671 0.876712 0.295063 0.876998 0.295063 0.877854 0.295455 0.878139 0.295455 0.880993 0.295063 0.881279 0.295063 0.881849 0.294671 0.882135 0.294671 0.882420 0.293887 0.882991 0.293887 0.883276 0.293495 0.883562 0.293103 0.883562 0.292712 0.883847 0.292320 0.883847 0.291928 0.884132 0.291536 0.884132 0.291144 0.884418 0.289577 0.884418 0.289185 0.884703 0.286050 0.884703 0.285658 0.884418 0.284875 0.884418 0.284483 0.884132 0.283699 0.884132 0.283307 0.883847 0.282915 0.884132 0.282132 0.884132 0.281740 0.883847 0.281740 0.883562 0.280564 0.883562 0.280172 0.883276 0.280564 0.882991 0.279781 0.882420 0.279389 0.882705 0.277821 0.882705 0.277429 0.882420 0.277038 0.882705 0.276646 0.882420 0.276646 0.882135 0.276254 0.881849 0.276254 0.881564 0.275862 0.881279 0.275862 0.879281 0.276254 0.878995 0.275862 0.879281 0.275470 0.878995 0.275470 0.878425 0.275078 0.878139 0.275078 0.877283 0.275470 0.876998 0.275470 0.876712 0.275078 0.876427 0.275078 0.873573 0.275470 0.873288 0.275470 0.873002 0.276254 0.872432 0.276254 0.872146 0.276646 0.871861 0.277038 0.871861 0.277038 0.871575 0.277429 0.871290 0.277821 0.871290 0.277821 0.871005 0.278213 0.870719 0.278605 0.870719 0.279389 0.870148 0.279781 0.870148 0.280172 0.869863
106 0.744122 0.852169 0.743730 0.852454 0.742555 0.852454 0.742163 0.852740 0.740987 0.852740 0.740596 0.853025 0.739812 0.853025 0.739420 0.853311 0.738636 0.853311 0.738245 0.853596 0.737853 0.853596 0.737461 0.853881 0.737069 0.853881 0.736677 0.854167 0.735893 0.854167 0.735502 0.854452 0.735110 0.854452 0.734718 0.854737 0.734326 0.854737 0.733934 0.855023 0.733542 0.855023 0.733150 0.855308 0.732759 0.855308 0.732367 0.855594 0.731975 0.855594 0.731583 0.855308 0.731191 0.855308 0.731583 0.855308 0.731975 0.855594 0.731583 0.855879 0.731191 0.855879 0.730408 0.856450 0.730016 0.856164 0.729624 0.856164 0.730016 0.856450 0.729232 0.857021 0.728840 0.857021 0.728056 0.857591 0.727665 0.857591 0.726881 0.858162 0.726489 0.858162 0.725313 0.859018 0.724922 0.859018 0.723354 0.860160 0.722962 0.860160 0.722962 0.860445 0.722571 0.860731 0.722179 0.860731 0.721003 0.861587 0.721003 0.861872 0.719436 0.863014 0.719436 0.863299 0.719044 0.863584 0.719044 0.863870 0.718652 0.864155 0.718652 0.864441 0.717868 0.865011 0.717868 0.865582 0.717085 0.866153 0.716693 0.866153 0.717085 0.866438 0.717085 0.866724 0.716693 0.867009 0.716693 0.867295 0.716301 0.867580 0.716301 0.868436 0.715909 0.868721 0.715909 0.869578 0.715517 0.869863 0.715517 0.870434 0.715125 0.870719 0.714734 0.870719 0.714734 0.871005 0.715125 0.871290 0.715125 0.871861 0.714734 0.872146 0.714734 0.873002 0.714342 0.873288 0.714342 0.874144 0.713950 0.874429 0.713950 0.875571 0.713558 0.875856 0.713558 0.876998 0.713166 0.877283 0.712774 0.876998 0.712774 0.876712 0.712774 0.876998 0.713166 0.877283 0.713166 0.878425 0.712774 0.878710 0.712774 0.880137 0.712382 0.880422 0.712382 0.881564 0.711991 0.881849 0.711991 0.885559 0.712382 0.885845 0.712382 0.887272 0.712774 0.887557 0.712774 0.888413 0.713166 0.888699 0.713166 0.888984 0.713558 0.889269 0.713558 0.889840 0.713166 0.890126 0.712774 0.889840 0.712774 0.890126 0.713558 0.890126 0.713950 0.890411 0.713950 0.890696 0.714342 0.890982 0.714342 0.891267 0.714734 0.891553 0.714734 0.892123 0.715125 0.892409 0.714734 0.892694 0.715125 0.892409 0.715517 0.892694 0.715517 0.892979 0.715909 0.893265 0.715909 0.893550 0.716301 0.893836 0.716301 0.894121 0.716693 0.894406 0.716693 0.894692 0.717085 0.894977 0.717085 0.895263 0.718260 0.896119 0.718260 0.896404 0.718652 0.896689 0.718652 0.896975 0.719828 0.897831 0.719436 0.898116 0.719436 0.898687 0.719436 0.898402 0.719828 0.898116 0.721003 0.898973 0.721003 0.899258 0.722571 0.900400 0.722571 0.900685 0.723354 0.901256 0.723354 0.901541 0.723746 0.901541 0.724922 0.902397 0.724922 0.902683 0.726097 0.903539 0.725705 0.903824 0.726097 0.903539 0.726489 0.903824 0.726881 0.903824 0.727273 0.904110 0.727273 0.904395 0.727665 0.904395 0.729624 0.905822 0.729232 0.906107 0.729624 0.905822 0.730016 0.906107 0.730408 0.906107 0.730799 0.906393 0.731191 0.906393 0.731975 0.906963 0.732367 0.906963 0.732759 0.907249 0.733150 0.907249 0.733542 0.907534 0.733934 0.907534 0.734326 0.907820 0.734718 0.907820 0.735110 0.908105 0.735502 0.908105 0.735893 0.908390 0.737069 0.908390 0.737461 0.908676 0.737853 0.908676 0.738245 0.908961 0.737853 0.909247 0.738245 0.909247 0.738636 0.908961 0.739420 0.908961 0.739812 0.909247 0.739812 0.909532 0.740204 0.909247 0.740596 0.909247 0.740987 0.909532 0.741771 0.909532 0.742163 0.909817 0.742555 0.909817 0.742947 0.910103 0.743339 0.909817 0.743730 0.909817 0.744122 0.910103 0.745690 0.910103 0.746082 0.910388 0.748041 0.910388 0.748433 0.910674 0.750784 0.910674 0.751176 0.910959 0.751959 0.910959 0.752351 0.911244 0.752351 0.911530 0.753527 0.911530 0.753918 0.911244 0.755486 0.911244 0.755878 0.911530 0.756661 0.911530 0.757053 0.911244 0.762539 0.911244 0.762931 0.910959 0.764498 0.910959 0.764890 0.910674 0.765674 0.910674 0.766066 0.910388 0.766850 0.910388 0.767241 0.910103 0.767633 0.910103 0.768025 0.909817 0.768417 0.909817 0.768809 0.909532 0.769201 0.909532 0.769592 0.909247 0.769984 0.909247 0.770376 0.908961 0.770768 0.908961 0.770768 0.908676 0.771160 0.908390 0.771944 0.908390 0.772335 0.908105 0.772727 0.908390 0.772727 0.908105 0.773511 0.907534 0.773903 0.907534 0.774687 0.906963 0.775078 0.906963 0.775470 0.906678 0.775862 0.906678 0.776646 0.906107 0.777038 0.906107 0.778213 0.905251 0.778605 0.905251 0.780564 0.903824 0.780956 0.903824 0.782132 0.902968 0.782524 0.903253 0.782132 0.902968 0.782915 0.902397 0.783307 0.902683 0.783307 0.901826 0.783699 0.901541 0.784091 0.901541 0.785658 0.900400 0.785658 0.900114 0.786050 0.899829 0.786442 0.899829 0.786442 0.899543 0.787226 0.898973 0.787226 0.898687 0.788009 0.898116 0.788009 0.897831 0.788401 0.897546 0.788401 0.897260 0.789185 0.896689 0.789577 0.896975 0.789577 0.896689 0.789185 0.896404 0.789577 0.896119 0.789577 0.895548 0.789969 0.895263 0.789969 0.894977 0.790361 0.894692 0.790361 0.894406 0.790752 0.894121 0.790752 0.893550 0.791144 0.893265 0.791536 0.893550 0.791536 0.893836 0.791536 0.893550 0.791144 0.893265 0.791144 0.892409 0.791536 0.892123 0.791928 0.892409 0.791928 0.892979 0.791928 0.892409 0.791536 0.892123 0.791536 0.891267 0.791928 0.890982 0.791928 0.889555 0.792320 0.889269 0.792320 0.887557 0.792712 0.887272 0.792712 0.885845 0.793103 0.885559 0.793103 0.883562 0.793495 0.883276 0.793495 0.879852 0.793103 0.879566 0.793103 0.877854 0.792712 0.877568 0.792712 0.876998 0.792320 0.876712 0.792320 0.876142 0.791928 0.875856 0.791928 0.875571 0.792320 0.875285 0.791928 0.875285 0.791536 0.875000 0.791536 0.874715 0.791144 0.874429 0.791144 0.873858 0.790752 0.873573 0.791144 0.873288 0.791144 0.873002 0.790752 0.873002 0.790361 0.872717 0.790361 0.872432 0.790752 0.872146 0.790361 0.872432 0.789577 0.871861 0.789577 0.871290 0.789185 0.871005 0.789577 0.870719 0.789185 0.870719 0.788793 0.870434 0.788793 0.870148 0.788401 0.869863 0.788401 0.869578 0.788009 0.869292 0.788009 0.869007 0.787618 0.868721 0.787618 0.868436 0.787226 0.868151 0.787226 0.867580 0.786834 0.867580 0.786442 0.867295 0.786442 0.866724 0.786050 0.866438 0.786050 0.866153 0.786442 0.865868 0.786442 0.865582 0.786050 0.865868 0.785658 0.865582 0.785658 0.865297 0.785266 0.865011 0.785266 0.864155 0.785266 0.864441 0.784875 0.864726 0.784483 0.864441 0.784483 0.864155 0.784091 0.863870 0.784483 0.863584 0.784091 0.863870 0.783307 0.863299 0.783699 0.863014 0.783307 0.863299 0.782915 0.863014 0.782524 0.863014 0.782132 0.862728 0.782132 0.862158 0.780172 0.860731 0.779781 0.860731 0.778997 0.860160 0.779389 0.859874 0.779781 0.859874 0.779389 0.859874 0.778997 0.860160 0.778213 0.859589 0.777821 0.859589 0.776646 0.858733 0.777038 0.858447 0.776646 0.858733 0.776254 0.858447 0.775862 0.858447 0.775078 0.857877 0.774687 0.857877 0.774295 0.857591 0.773903 0.857591 0.773119 0.857021 0.772727 0.857021 0.772335 0.856735 0.771944 0.856735 0.771552 0.856450 0.771160 0.856450 0.770768 0.856164 0.770376 0.856164 0.769984 0.855879 0.769592 0.855879 0.769201 0.855594 0.768417 0.855594 0.768025 0.855308 0.767241 0.855308 0.766850 0.855023 0.766066 0.855023 0.765674 0.854737 0.764890 0.854737 0.764498 0.854452 0.762931 0.854452 0.762539 0.854167 0.761755 0.854167 0.761364 0.853881 0.760188 0.853881 0.759796 0.853596 0.758621 0.853596 0.758229 0.853311 0.757837 0.853311 0.757445 0.853025 0.756661 0.853025 0.756270 0.852740 0.754702 0.852740 0.754310 0.852454 0.752351 0.852454 0.751959 0.852169
106 0.741771 0.881849 0.742163 0.881564 0.746082 0.881564 0.746473 0.881849 0.747649 0.881849 0.748041 0.882135 0.747257 0.882705 0.747257 0.882991 0.747649 0.883276 0.747649 0.884703 0.748041 0.884989 0.748433 0.884703 0.748824 0.884989 0.752351 0.884989 0.752743 0.884703 0.753135 0.884703 0.753527 0.884989 0.753527 0.885274 0.753135 0.885559 0.753135 0.886130 0.752743 0.886416 0.752743 0.887272 0.753135 0.887557 0.753135 0.887842 0.753527 0.888128 0.753527 0.888699 0.754310 0.889269 0.754310 0.889555 0.754702 0.889840 0.754702 0.890126 0.755094 0.890411 0.755094 0.895263 0.754702 0.895548 0.754702 0.896404 0.753527 0.897260 0.753135 0.897260 0.752743 0.897546 0.752351 0.897260 0.752743 0.897546 0.752351 0.897831 0.752351 0.898116 0.751959 0.898402 0.751567 0.898402 0.750784 0.898973 0.750392 0.898973 0.750000 0.899258 0.749608 0.899258 0.749216 0.899543 0.748824 0.899543 0.748433 0.899829 0.746865 0.899829 0.746473 0.899543 0.745298 0.899543 0.744906 0.899258 0.744122 0.899258 0.743730 0.898973 0.742555 0.898973 0.742163 0.898687 0.740987 0.898687 0.740596 0.898402 0.739812 0.898402 0.738245 0.897260 0.737853 0.897260 0.737461 0.896975 0.737461 0.896689 0.737069 0.896404 0.737461 0.896119 0.737069 0.896404 0.736285 0.895833 0.736285 0.895548 0.735893 0.895263 0.735893 0.894977 0.735110 0.894406 0.735110 0.894121 0.734718 0.893836 0.734718 0.893265 0.734326 0.892979 0.734326 0.892694 0.733934 0.892409 0.733934 0.892123 0.733542 0.891838 0.733542 0.891553 0.733150 0.891267 0.733150 0.888128 0.733542 0.887842 0.733542 0.887272 0.733934 0.886986 0.733934 0.886416 0.734326 0.886130 0.734326 0.885559 0.734718 0.885274 0.735110 0.885559 0.734718 0.885274 0.735110 0.884989 0.735110 0.884703 0.735502 0.884418 0.735893 0.884418 0.737853 0.882991 0.738245 0.882991 0.739028 0.882420 0.739420 0.882420 0.739812 0.882135 0.740204 0.882135 0.740596 0.881849
106 0.758229 0.880993 0.758621 0.880708 0.762147 0.880708 0.762539 0.880993 0.768417 0.880993 0.768809 0.881279 0.773903 0.881279 0.774295 0.881564 0.774687 0.881564 0.775862 0.882420 0.775862 0.883276 0.776254 0.883562 0.776254 0.883847 0.776646 0.884132 0.776646 0.884703 0.777429 0.885274 0.777429 0.885559 0.777821 0.885845 0.777821 0.886130 0.778605 0.886701 0.778605 0.887272 0.779389 0.887842 0.779389 0.888128 0.779781 0.888413 0.779781 0.888699 0.777038 0.890696 0.776646 0.890696 0.776646 0.890982 0.774295 0.892694 0.774295 0.892979 0.773511 0.893550 0.773511 0.894121 0.773119 0.894406 0.773119 0.894692 0.772727 0.894977 0.772727 0.895263 0.770768 0.896689 0.767241 0.896689 0.766850 0.896404 0.766066 0.896404 0.765674 0.896119 0.764890 0.896119 0.764498 0.895833 0.764107 0.895833 0.763715 0.895548 0.762931 0.895548 0.762539 0.895263 0.762147 0.895263 0.760972 0.894406 0.760972 0.893550 0.760580 0.893265 0.760580 0.892694 0.760188 0.892409 0.760188 0.891838 0.759796 0.891553 0.759796 0.890696 0.759404 0.890411 0.759404 0.889555 0.759013 0.889269 0.759013 0.888699 0.758621 0.888413 0.758621 0.888128 0.758229 0.887842 0.758229 0.887557 0.756270 0.886130 0.756270 0.885274 0.755878 0.884989 0.755878 0.884703 0.756270 0.884418 0.757053 0.884418 0.757445 0.884132 0.757837 0.884132 0.758229 0.884418 0.758229 0.883562 0.758621 0.883276 0.759404 0.883276 0.759796 0.882991 0.760188 0.883276 0.759796 0.882991 0.759796 0.882705 0.759404 0.882705 0.759404 0.882991 0.759013 0.883276 0.758621 0.882991 0.758621 0.882135 0.758229 0.881849
106 0.738636 0.865011 0.739028 0.864726 0.743730 0.864726 0.744122 0.865011 0.744906 0.865011 0.747257 0.866724 0.747257 0.867009 0.748041 0.867580 0.748041 0.868151 0.748433 0.868436 0.748433 0.869007 0.748824 0.869292 0.748824 0.869863 0.749216 0.870148 0.749216 0.870719 0.749608 0.871005 0.749608 0.872146 0.749216 0.872432 0.749216 0.872717 0.748433 0.873288 0.748433 0.873573 0.748041 0.873858 0.748041 0.875285 0.748433 0.875571 0.748433 0.876142 0.749216 0.876712 0.749216 0.876998 0.748824 0.877283 0.748433 0.876998 0.748041 0.876998 0.746865 0.877854 0.747257 0.877854 0.747649 0.878139 0.747257 0.878425 0.747257 0.878995 0.747649 0.879281 0.747257 0.879566 0.747649 0.879852 0.747257 0.880137 0.746865 0.880137 0.746473 0.879852 0.745690 0.879852 0.745298 0.879566 0.743730 0.879566 0.743339 0.879281 0.735893 0.879281 0.735502 0.879566 0.734326 0.879566 0.733934 0.879852 0.732367 0.879852 0.731583 0.879281 0.731191 0.879281 0.730799 0.878995 0.730408 0.878995 0.729624 0.878425 0.729232 0.878425 0.728448 0.877854 0.728448 0.877568 0.728840 0.877283 0.728448 0.877568 0.728056 0.877283 0.728056 0.876712 0.727665 0.876427 0.728056 0.876142 0.728056 0.875000 0.728448 0.874715 0.728448 0.874429 0.729232 0.873858 0.729624 0.874144 0.729232 0.873858 0.729232 0.873573 0.729624 0.873288 0.729624 0.872717 0.730016 0.872432 0.730016 0.872146 0.730799 0.871575 0.730799 0.871290 0.731583 0.870719 0.731583 0.870434 0.733150 0.869292 0.733150 0.869007 0.733934 0.868436 0.733934 0.868151 0.734326 0.867865 0.734326 0.867580 0.734718 0.867295 0.735110 0.867295 0.735110 0.867009 0.736285 0.866153 0.736285 0.865868 0.737461 0.865011
106 0.762931 0.864726 0.763323 0.864441 0.766066 0.864441 0.766458 0.864726 0.766066 0.865011 0.766458 0.865011 0.766850 0.864726 0.767633 0.864726 0.768417 0.865297 0.768809 0.865297 0.769984 0.866153 0.770376 0.866153 0.770768 0.866438 0.771160 0.866438 0.771552 0.866724 0.771944 0.866724 0.773119 0.867580 0.773119 0.867865 0.773903 0.868436 0.773903 0.868721 0.774295 0.869007 0.774295 0.869578 0.774687 0.869863 0.774687 0.870434 0.775078 0.870719 0.775078 0.871290 0.775470 0.871575 0.775470 0.873573 0.775078 0.873858 0.775078 0.876142 0.774687 0.876427 0.774687 0.876998 0.774295 0.877283 0.774295 0.877568 0.773511 0.878139 0.773119 0.878139 0.772727 0.878425 0.772335 0.878425 0.771944 0.878710 0.770768 0.878710 0.770376 0.878995 0.768417 0.878995 0.768025 0.878710 0.767633 0.878995 0.764498 0.878995 0.763715 0.878425 0.763323 0.878425 0.762931 0.878139 0.762539 0.878139 0.762147 0.877854 0.759013 0.877854 0.758621 0.877568 0.758621 0.877854 0.758229 0.878139 0.757837 0.878139 0.756661 0.877283 0.756661 0.876998 0.756270 0.876998 0.755878 0.877283 0.754702 0.877283 0.754310 0.876998 0.754310 0.876712 0.753918 0.876427 0.753918 0.874429 0.753527 0.874144 0.753527 0.873002 0.753135 0.872717 0.753135 0.870719 0.752743 0.870434 0.752743 0.869292 0.753135 0.869007 0.753135 0.868151 0.753527 0.867865 0.753527 0.867580 0.753918 0.867295 0.754310 0.867295 0.754702 0.867580 0.754702 0.867865 0.754702 0.867580 0.754310 0.867295 0.756270 0.865868 0.756661 0.865868 0.757053 0.865582 0.757445 0.865582 0.758229 0.865011 0.759013 0.865011 0.759404 0.864726
134 0.113636 0.827340 0.113245 0.827626 0.109718 0.827626 0.109326 0.827911 0.106975 0.827911 0.106583 0.827626 0.106583 0.827911 0.106191 0.828196 0.105016 0.828196 0.104624 0.828482 0.104232 0.828482 0.103840 0.828767 0.102273 0.828767 0.101881 0.829053 0.101489 0.829053 0.101097 0.829338 0.099922 0.829338 0.099530 0.829623 0.099138 0.829623 0.098746 0.829909 0.098354 0.829909 0.097962 0.830194 0.097179 0.830194 0.096787 0.830479 0.096395 0.830479 0.095219 0.831336 0.094828 0.831336 0.093652 0.832192 0.093260 0.832192 0.090125 0.834475 0.090125 0.834760 0.088950 0.835616 0.088950 0.835902 0.087774 0.836758 0.087774 0.837614 0.086991 0.838185 0.086599 0.837900 0.086991 0.838185 0.086991 0.838470 0.086599 0.838756 0.086599 0.839041 0.085815 0.839612 0.085815 0.840183 0.085423 0.840468 0.085423 0.840753 0.085031 0.841039 0.085031 0.841610 0.084639 0.841895 0.084639 0.842466 0.084248 0.842751 0.084248 0.843037 0.083856 0.843322 0.083856 0.844178 0.083464 0.844463 0.083464 0.845605 0.083072 0.845890 0.083072 0.847888 0.082680 0.848174 0.082680 0.853596 0.083072 0.853881 0.083072 0.854452 0.083464 0.854737 0.083464 0.855879 0.083856 0.856164 0.083856 0.856735 0.084248 0.857021 0.084248 0.857306 0.084639 0.857591 0.084639 0.858162 0.085031 0.858447 0.085031 0.858733 0.085423 0.859018 0.085423 0.859304 0.085815 0.859589 0.085815 0.859874 0.086207 0.860160 0.086207 0.860445 0.086599 0.860731 0.086599 0.861016 0.086991 0.861301 0.086991 0.861587 0.087774 0.862158 0.087774 0.862443 0.088950 0.863299 0.088950 0.863584 0.093260 0.866724 0.093652 0.866724 0.094044 0.867009 0.094044 0.867295 0.094828 0.867295 0.095611 0.867865 0.096003 0.867865 0.097179 0.868721 0.097571 0.868721 0.097962 0.869007 0.098354 0.869007 0.098746 0.869292 0.099530 0.869292 0.099922 0.869578 0.100705 0.869578 0.101097 0.869863 0.101489 0.869863 0.101881 0.870148 0.102273 0.870148 0.102665 0.870434 0.103056 0.870434 0.103448 0.870719 0.104232 0.870719 0.104624 0.871005 0.105408 0.871005 0.105799 0.871290 0.107367 0.871290 0.107759 0.871575 0.108934 0.871575 0.109326 0.871861 0.119514 0.871861 0.119906 0.871575 0.120690 0.871575 0.121082 0.871290 0.122257 0.871290 0.122649 0.871005 0.123433 0.871005 0.123824 0.870719 0.125000 0.870719 0.125784 0.870148 0.126567 0.870148 0.127351 0.869578 0.128527 0.869578 0.130486 0.868151 0.130878 0.868151 0.131270 0.868436 0.131270 0.867580 0.131661 0.867295 0.132445 0.867295 0.134404 0.865868 0.134796 0.865868 0.135188 0.865582 0.135580 0.865582 0.135580 0.865297 0.135188 0.865011 0.135580 0.864726 0.136364 0.864726 0.136364 0.864441 0.136755 0.864155 0.137147 0.864155 0.137539 0.864441 0.137539 0.863870 0.138323 0.863299 0.138715 0.863299 0.139890 0.862443 0.139890 0.862158 0.140282 0.861872 0.140282 0.861587 0.141066 0.861016 0.141066 0.860731 0.141458 0.860445 0.142241 0.860445 0.141850 0.860160 0.141850 0.859874 0.142241 0.859589 0.142241 0.859018 0.142633 0.858733 0.142633 0.857591 0.143025 0.857306 0.143025 0.857021 0.143417 0.856735 0.143809 0.857021 0.143809 0.857306 0.143809 0.857021 0.143417 0.856735 0.143417 0.856450 0.143809 0.856164 0.143809 0.853881 0.144201 0.853596 0.144592 0.853596 0.144592 0.851598 0.144984 0.851313 0.144984 0.849315 0.144592 0.849030 0.144592 0.844749 0.144201 0.844749 0.143809 0.844463 0.143809 0.841895 0.143417 0.841610 0.143417 0.841039 0.143025 0.841324 0.142633 0.841039 0.142633 0.840468 0.142241 0.840183 0.142241 0.839612 0.141458 0.839041 0.141458 0.838756 0.141066 0.838470 0.141066 0.837900 0.139498 0.836758 0.139498 0.836473 0.138715 0.835902 0.138715 0.835616 0.137931 0.835616 0.137539 0.835331 0.137539 0.834475 0.137147 0.834189 0.136755 0.834189 0.135580 0.833333 0.135188 0.833333 0.134404 0.832763 0.134404 0.832477 0.134013 0.832477 0.132445 0.831336 0.132053 0.831336 0.131270 0.830765 0.130878 0.830765 0.130486 0.830479 0.129702 0.830479 0.128918 0.829909 0.128527 0.829909 0.128135 0.829623 0.127351 0.829623 0.126959 0.829338 0.126567 0.829338 0.126176 0.829053 0.125392 0.829053 0.125000 0.828767 0.124608 0.828767 0.124216 0.828482 0.123824 0.828482 0.123433 0.828196 0.122257 0.828196 0.121865 0.827911 0.119514 0.827911 0.119122 0.827626 0.115204 0.827626 0.114812 0.827340
134 0.113245 0.849886 0.113636 0.849600 0.114028 0.849886 0.114812 0.849886 0.115204 0.849600 0.115596 0.849600 0.115987 0.849886 0.116379 0.849886 0.116771 0.849600 0.117555 0.849600 0.119514 0.851027 0.119514 0.851313 0.119906 0.851313 0.120298 0.851598 0.120298 0.851884 0.121473 0.852740 0.121473 0.853025 0.122257 0.853596 0.122257 0.853881 0.122649 0.854167 0.122649 0.854737 0.123041 0.855023 0.123041 0.855879 0.122649 0.856164 0.122649 0.856450 0.122257 0.856735 0.122257 0.857021 0.121865 0.857306 0.121865 0.857591 0.121473 0.857877 0.121473 0.858162 0.121082 0.858447 0.121082 0.858733 0.120690 0.859018 0.120690 0.859589 0.120298 0.859874 0.120298 0.860445 0.119514 0.861016 0.119122 0.861016 0.118730 0.861301 0.118339 0.861301 0.117555 0.861872 0.117555 0.862158 0.116379 0.863014 0.115596 0.863014 0.115204 0.863299 0.114028 0.863299 0.113636 0.863014 0.112853 0.863014 0.112461 0.862728 0.112069 0.862728 0.111677 0.862443 0.111285 0.862443 0.110893 0.862158 0.110502 0.862158 0.110110 0.861872 0.109718 0.861872 0.108150 0.860731 0.108150 0.860160 0.107759 0.859874 0.107759 0.859304 0.106583 0.858447 0.106191 0.858447 0.105799 0.858162 0.105799 0.857877 0.106191 0.857591 0.106191 0.857306 0.106975 0.856735 0.107367 0.857021 0.106975 0.856735 0.107759 0.856164 0.107759 0.855879 0.108542 0.855308 0.108542 0.855023 0.108934 0.854737 0.108934 0.854452 0.109326 0.854167 0.109326 0.853881 0.109718 0.853596 0.109718 0.853025 0.110110 0.852740 0.110502 0.853025 0.110502 0.853311 0.110502 0.853025 0.110110 0.852740 0.110110 0.852454 0.110502 0.852169 0.110893 0.852454 0.111285 0.852169 0.110893 0.851884 0.110893 0.851598 0.111285 0.851313 0.111677 0.851598 0.111285 0.851313 0.112069 0.850742 0.112461 0.850742 0.112069 0.850457 0.112853 0.849886
134 0.122257 0.843322 0.123041 0.843322 0.123433 0.843607 0.123433 0.843893 0.123824 0.844178 0.123824 0.844463 0.124608 0.845034 0.124608 0.845320 0.127743 0.847603 0.128135 0.847603 0.128527 0.847888 0.128918 0.847888 0.129310 0.848174 0.129310 0.848459 0.130486 0.849315 0.130486 0.849886 0.130094 0.850171 0.130094 0.851027 0.128918 0.851884 0.128527 0.851598 0.128918 0.851884 0.126959 0.853311 0.126567 0.853311 0.124608 0.851884 0.125000 0.851598 0.124608 0.851884 0.123433 0.851027 0.123041 0.851027 0.120298 0.849030 0.120690 0.848744 0.120690 0.848459 0.120298 0.848459 0.119906 0.848174 0.119514 0.848459 0.119122 0.848459 0.118730 0.848174 0.118730 0.846461 0.119122 0.846176 0.119122 0.845890 0.119906 0.845320 0.120298 0.845605 0.119906 0.845320 0.120298 0.845034 0.120298 0.844749 0.121082 0.844178 0.121473 0.844178 0.121473 0.843893
134 0.100705 0.843607 0.101097 0.843322 0.103056 0.843322 0.104232 0.844178 0.104232 0.844463 0.104624 0.844178 0.105016 0.844463 0.105408 0.844463 0.106583 0.845320 0.106583 0.845605 0.106975 0.845320 0.107759 0.845890 0.108150 0.845890 0.108542 0.846176 0.108934 0.846176 0.109718 0.846747 0.110110 0.846461 0.110502 0.846747 0.111285 0.846747 0.112069 0.847317 0.111677 0.847603 0.111285 0.847603 0.111285 0.847888 0.111677 0.848174 0.111677 0.848459 0.110110 0.849600 0.109718 0.849600 0.109718 0.849886 0.108934 0.850457 0.108934 0.850742 0.108150 0.851313 0.108150 0.851598 0.107367 0.852169 0.107367 0.852454 0.106583 0.853025 0.106583 0.853311 0.105408 0.854167 0.105016 0.853881 0.105408 0.854167 0.104624 0.854737 0.104232 0.854737 0.103840 0.855023 0.103448 0.855023 0.103056 0.855308 0.101489 0.855308 0.101097 0.855023 0.100705 0.855023 0.100313 0.854737 0.099138 0.854737 0.098746 0.854452 0.099138 0.854167 0.098746 0.854452 0.097962 0.854452 0.096787 0.853596 0.096787 0.851884 0.096395 0.851598 0.096395 0.851027 0.096003 0.850742 0.096003 0.849315 0.095611 0.849030 0.096003 0.848744 0.096003 0.848174 0.096395 0.847888 0.096395 0.847032 0.096787 0.846747 0.097179 0.846747 0.096787 0.846461 0.096787 0.846176 0.097179 0.845890 0.097179 0.845605 0.097571 0.845320 0.097962 0.845605 0.097571 0.845320 0.097571 0.845034 0.098746 0.844178 0.099138 0.844463 0.098746 0.844178 0.099138 0.843893 0.099530 0.843893 0.099922 0.844178 0.099922 0.843893 0.100313 0.843607
134 0.115204 0.835902 0.115596 0.835616 0.116379 0.835616 0.116771 0.835902 0.117163 0.835902 0.117555 0.836187 0.117947 0.836187 0.118339 0.836473 0.118730 0.836473 0.119122 0.836758 0.119122 0.837043 0.119514 0.837329 0.119514 0.837900 0.119906 0.838185 0.119906 0.839897 0.120298 0.840183 0.119906 0.840468 0.119906 0.841610 0.119514 0.841895 0.119514 0.842180 0.119122 0.842466 0.119122 0.842751 0.117947 0.843607 0.117947 0.843893 0.115596 0.845605 0.115204 0.845605 0.114812 0.845320 0.115204 0.845034 0.114812 0.844749 0.114420 0.845034 0.113636 0.844463 0.113636 0.844178 0.112853 0.844178 0.112461 0.843893 0.110893 0.843893 0.110502 0.843607 0.109718 0.843607 0.108542 0.842751 0.108150 0.842751 0.106975 0.841895 0.106583 0.841895 0.106191 0.841610 0.106191 0.841324 0.105799 0.841039 0.105799 0.840753 0.106583 0.840183 0.106975 0.840183 0.106975 0.839897 0.107367 0.839612 0.107759 0.839897 0.108150 0.839612 0.107759 0.839326 0.108934 0.838470 0.109326 0.838470 0.108934 0.838185 0.109326 0.837900 0.109326 0.837614 0.110502 0.836758 0.110893 0.836758 0.111285 0.836473 0.112461 0.836473 0.112853 0.836187 0.114028 0.836187 0.114420 0.835902 0.115204 0.835902 0.115596 0.836187
163 0.438871 0.807648 0.438480 0.807934 0.435737 0.807934 0.435345 0.808219 0.432602 0.808219 0.432210 0.808505 0.431426 0.808505 0.431034 0.808790 0.429467 0.808790 0.429075 0.809075 0.427508 0.809075 0.427116 0.809361 0.425940 0.809361 0.425549 0.809646 0.423981 0.809646 0.423589 0.809932 0.423197 0.809932 0.422806 0.810217 0.422022 0.810217 0.421630 0.810502 0.420063 0.810502 0.420063 0.810788 0.419671 0.811073 0.419279 0.811073 0.418887 0.811358 0.418103 0.811358 0.417712 0.811644 0.417320 0.811644 0.416536 0.812215 0.416144 0.812215 0.415361 0.812785 0.414577 0.812785 0.414185 0.813071 0.413793 0.812785 0.414185 0.813071 0.413009 0.813927 0.412618 0.813927 0.412226 0.813642 0.412618 0.813927 0.411834 0.814498 0.411442 0.814212 0.411834 0.814498 0.411050 0.815068 0.410658 0.815068 0.408307 0.816781 0.408307 0.817066 0.406348 0.818493 0.406348 0.818779 0.405172 0.819635 0.405172 0.819920 0.404389 0.820491 0.404389 0.820776 0.403605 0.821347 0.403605 0.821632 0.403213 0.821918 0.403213 0.822203 0.402821 0.822489 0.402821 0.822774 0.402429 0.823059 0.402429 0.823345 0.401646 0.823916 0.401646 0.824201 0.401254 0.824486 0.401254 0.824772 0.400862 0.825057 0.400862 0.825342 0.400470 0.825628 0.400470 0.825913 0.400078 0.826199 0.400078 0.826484 0.399687 0.826769 0.399687 0.827340 0.399295 0.827626 0.399295 0.827911 0.398903 0.828196 0.398903 0.828482 0.398511 0.828767 0.398511 0.829623 0.398119 0.829909 0.398119 0.830765 0.397727 0.831050 0.397727 0.831906 0.397335 0.832192 0.397335 0.833904 0.396944 0.834189 0.396944 0.841610 0.397335 0.841895 0.397335 0.843322 0.397727 0.843607 0.397727 0.844178 0.397335 0.844463 0.398119 0.845034 0.398119 0.846176 0.398511 0.846461 0.398511 0.847032 0.398903 0.847317 0.398903 0.848174 0.399295 0.848459 0.399295 0.849030 0.399687 0.849315 0.399687 0.849886 0.400078 0.850171 0.400078 0.850742 0.400470 0.851027 0.400470 0.851598 0.401254 0.852169 0.401254 0.853025 0.401646 0.853311 0.401646 0.853596 0.402038 0.853881 0.402038 0.854167 0.402821 0.854737 0.402821 0.855023 0.403213 0.855308 0.403213 0.855594 0.403997 0.856164 0.403997 0.856450 0.405172 0.857306 0.405172 0.857591 0.406740 0.858733 0.406740 0.859018 0.407132 0.859018 0.407524 0.859304 0.407524 0.859589 0.408307 0.860160 0.407915 0.860445 0.408307 0.860160 0.410658 0.861872 0.411050 0.861872 0.412226 0.862728 0.412618 0.862728 0.413793 0.863584 0.414185 0.863584 0.414577 0.863870 0.414969 0.863870 0.415752 0.864441 0.416536 0.864441 0.416928 0.864726 0.417320 0.864726 0.417712 0.865011 0.418103 0.865011 0.418495 0.865297 0.418887 0.865297 0.419279 0.865582 0.419671 0.865582 0.420063 0.865868 0.420846 0.865868 0.421238 0.866153 0.422022 0.866153 0.422414 0.866438 0.423197 0.866438 0.423589 0.866724 0.423197 0.867009 0.423589 0.866724 0.424373 0.866724 0.424765 0.867009 0.425940 0.867009 0.426332 0.867295 0.427900 0.867295 0.428292 0.867580 0.429075 0.867580 0.429467 0.867865 0.431426 0.867865 0.431818 0.868151 0.440831 0.868151 0.441223 0.867865 0.442790 0.867865 0.443182 0.867580 0.444357 0.867580 0.444749 0.867295 0.445925 0.867295 0.446317 0.867009 0.447100 0.867009 0.447492 0.866724 0.448668 0.866724 0.449060 0.866438 0.449843 0.866438 0.450235 0.866153 0.450627 0.866153 0.451019 0.866438 0.451019 0.866153 0.451411 0.865868 0.451803 0.865868 0.452194 0.865582 0.452586 0.865582 0.452978 0.865297 0.453370 0.865297 0.453762 0.865011 0.454154 0.865011 0.454545 0.864726 0.455329 0.864726 0.455721 0.864441 0.456113 0.864441 0.456505 0.864155 0.456897 0.864155 0.457680 0.863584 0.458464 0.863584 0.458856 0.863299 0.459248 0.863299 0.460031 0.862728 0.460423 0.862728 0.461599 0.861872 0.461991 0.861872 0.462774 0.861301 0.463166 0.861301 0.464734 0.860160 0.465125 0.860160 0.467476 0.858447 0.467868 0.858733 0.467868 0.859018 0.467868 0.858733 0.467476 0.858447 0.469436 0.857021 0.469436 0.856735 0.471003 0.855594 0.471003 0.855308 0.471787 0.854737 0.471787 0.854452 0.472962 0.853596 0.472962 0.853311 0.473354 0.853025 0.473354 0.852740 0.474138 0.852169 0.474138 0.851884 0.474922 0.851313 0.474922 0.851027 0.475705 0.850457 0.475705 0.850171 0.476097 0.849886 0.476097 0.849315 0.476881 0.848744 0.477273 0.849030 0.476881 0.848744 0.476881 0.848459 0.477273 0.848174 0.477273 0.847888 0.477665 0.847603 0.477665 0.847317 0.478056 0.847032 0.478056 0.846461 0.478448 0.846176 0.478448 0.845605 0.478840 0.845320 0.478840 0.844749 0.479232 0.844463 0.479232 0.843322 0.479624 0.843037 0.479624 0.841610 0.480016 0.841324 0.480016 0.836758 0.479624 0.836473 0.479624 0.834760 0.479232 0.834475 0.479232 0.832763 0.478840 0.832477 0.478840 0.832192 0.479232 0.831906 0.479232 0.831050 0.479232 0.831336 0.478840 0.831621 0.478448 0.831336 0.478448 0.830479 0.478056 0.830194 0.478056 0.829338 0.477665 0.829053 0.477665 0.828482 0.477273 0.828196 0.477273 0.827626 0.476881 0.827340 0.476881 0.826769 0.476097 0.826199 0.476097 0.825342 0.475705 0.825057 0.475705 0.824772 0.474922 0.824201 0.474922 0.823916 0.474530 0.823630 0.474530 0.823345 0.473746 0.822774 0.473746 0.822489 0.473354 0.822203 0.473354 0.821918 0.472962 0.821632 0.472962 0.821347 0.471787 0.820491 0.471787 0.820205 0.471395 0.819920 0.471395 0.819635 0.471003 0.819635 0.470611 0.819349 0.470611 0.819064 0.469828 0.818493 0.469828 0.818208 0.469044 0.817637 0.469436 0.817352 0.469044 0.817637 0.467476 0.816495 0.467868 0.816210 0.467476 0.816495 0.465909 0.815354 0.465909 0.815068 0.465517 0.815068 0.464734 0.814498 0.465125 0.814212 0.465125 0.813927 0.464734 0.813927 0.464342 0.814212 0.463950 0.814212 0.462382 0.813071 0.461991 0.813071 0.461207 0.812500 0.460815 0.812500 0.460031 0.811929 0.459639 0.811929 0.458856 0.811358 0.458464 0.811358 0.457288 0.810502 0.456505 0.810502 0.456113 0.810217 0.455721 0.810217 0.455329 0.809932 0.454937 0.809932 0.454545 0.809646 0.453762 0.809646 0.453370 0.809361 0.452586 0.809361 0.452194 0.809075 0.451411 0.809075 0.451019 0.808790 0.451411 0.808505 0.451019 0.808790 0.450235 0.808790 0.449843 0.808505 0.448276 0.808505 0.447884 0.808219 0.445925 0.808219 0.445533 0.807934 0.442398 0.807934 0.442006 0.807648
163 0.442398 0.837614 0.442790 0.837329 0.451019 0.837329 0.451411 0.837614 0.452194 0.837614 0.452586 0.837900 0.453370 0.837900 0.453762 0.838185 0.454154 0.838185 0.454545 0.838470 0.454937 0.838470 0.457288 0.840183 0.457288 0.841039 0.457680 0.841324 0.457680 0.841895 0.458072 0.842180 0.458072 0.842751 0.458464 0.843037 0.458464 0.843607 0.458856 0.843893 0.458856 0.844178 0.459248 0.844463 0.459248 0.845034 0.459639 0.845320 0.459639 0.845890 0.460031 0.846176 0.460031 0.846461 0.460423 0.846747 0.460423 0.847317 0.460815 0.847603 0.460815 0.849886 0.460423 0.850171 0.460423 0.850457 0.456505 0.853311 0.456505 0.853596 0.456113 0.853881 0.455721 0.853881 0.454154 0.855023 0.453370 0.855023 0.452978 0.855308 0.451411 0.855308 0.451019 0.855594 0.449843 0.855594 0.449451 0.855879 0.447884 0.855879 0.447492 0.856164 0.446708 0.856164 0.446317 0.856450 0.443966 0.856450 0.443574 0.856164 0.442790 0.856164 0.439263 0.853596 0.439263 0.853311 0.438088 0.852454 0.438480 0.852169 0.438088 0.852169 0.437696 0.851884 0.437696 0.851598 0.437304 0.851313 0.437304 0.851027 0.436912 0.850742 0.436912 0.849886 0.436520 0.849600 0.436520 0.847032 0.436912 0.846747 0.436912 0.845890 0.437304 0.845605 0.437304 0.844749 0.437696 0.844463 0.437696 0.843893 0.438088 0.843607 0.438088 0.842751 0.438480 0.842466 0.438480 0.841324 0.438871 0.841039 0.438871 0.840183 0.438480 0.839897 0.438480 0.838470 0.439655 0.837614
163 0.426724 0.837329 0.427116 0.837043 0.430643 0.837043 0.431034 0.837329 0.432210 0.837329 0.432602 0.837614 0.433777 0.837614 0.434561 0.838185 0.434561 0.839897 0.434953 0.840183 0.434953 0.843037 0.434561 0.843322 0.434561 0.844463 0.434169 0.844749 0.434169 0.845034 0.433777 0.845320 0.433777 0.845890 0.433386 0.846176 0.433386 0.846461 0.432994 0.846747 0.432994 0.847032 0.432602 0.847317 0.432602 0.847888 0.432210 0.848174 0.432210 0.849030 0.431818 0.849315 0.431818 0.849600 0.431426 0.849886 0.431426 0.850171 0.429075 0.851884 0.429075 0.852169 0.427508 0.853311 0.427116 0.853311 0.426724 0.853596 0.426332 0.853596 0.425940 0.853881 0.425157 0.853881 0.424373 0.853311 0.423981 0.853311 0.423589 0.853025 0.423197 0.853025 0.422806 0.852740 0.421238 0.852740 0.420846 0.852454 0.420063 0.852454 0.419671 0.852169 0.420063 0.851884 0.419671 0.852169 0.418887 0.852169 0.418495 0.851884 0.418103 0.851884 0.416144 0.850457 0.416144 0.847888 0.415752 0.847603 0.415752 0.847317 0.416144 0.847032 0.415752 0.847032 0.414969 0.846461 0.414969 0.845890 0.414577 0.845605 0.414577 0.843322 0.414969 0.843037 0.414969 0.842466 0.415361 0.842180 0.415361 0.841895 0.417320 0.840468 0.417712 0.840468 0.417712 0.840183 0.418495 0.839612 0.418887 0.839612 0.420063 0.838756 0.420455 0.838756 0.420846 0.838470 0.421238 0.838470 0.421630 0.838756 0.421238 0.838470 0.421630 0.838185 0.422022 0.838185 0.422414 0.837900 0.423197 0.837900 0.423589 0.837614 0.424373 0.837614 0.424765 0.837329
163 0.451019 0.821632 0.451411 0.821347 0.454545 0.821347 0.454937 0.821632 0.455721 0.821632 0.456897 0.822489 0.456897 0.822774 0.457680 0.823345 0.457680 0.823630 0.458856 0.824486 0.459639 0.824486 0.460031 0.824772 0.460031 0.825057 0.460423 0.825057 0.460815 0.825342 0.460815 0.825913 0.461207 0.826199 0.461207 0.827626 0.461599 0.827911 0.461599 0.828482 0.461991 0.828767 0.461991 0.829053 0.462382 0.829338 0.462382 0.830194 0.462774 0.830479 0.462774 0.831336 0.462382 0.831621 0.462382 0.832192 0.461991 0.832477 0.461991 0.833333 0.461207 0.833904 0.461207 0.834189 0.460031 0.835046 0.459639 0.835046 0.458856 0.835616 0.458464 0.835616 0.458072 0.835902 0.456897 0.835902 0.456505 0.836187 0.445925 0.836187 0.445533 0.835902 0.444749 0.835902 0.444357 0.835616 0.443966 0.835616 0.443574 0.835331 0.442398 0.835331 0.442006 0.835616 0.441614 0.835616 0.441223 0.835331 0.440831 0.835616 0.439263 0.835616 0.438871 0.835331 0.438871 0.834760 0.439263 0.834475 0.439263 0.832477 0.438871 0.832192 0.438871 0.830194 0.439263 0.829909 0.439263 0.829338 0.439655 0.829053 0.439655 0.828482 0.440047 0.828196 0.440047 0.827626 0.440439 0.827340 0.440439 0.827055 0.440831 0.826769 0.440831 0.826484 0.441614 0.825913 0.441614 0.825342 0.442398 0.824772 0.442790 0.825057 0.442398 0.824772 0.442398 0.824486 0.443574 0.823630 0.443966 0.823630 0.444357 0.823345 0.444749 0.823630 0.444357 0.823345 0.444749 0.823059 0.445141 0.823059 0.445533 0.822774 0.446317 0.822774 0.446708 0.822489 0.447100 0.822489 0.447492 0.822203 0.448276 0.822203 0.448668 0.821918 0.449451 0.821918 0.449843 0.821632
163 0.427900 0.819920 0.428292 0.819635 0.430643 0.819635 0.431034 0.819920 0.432602 0.819920 0.434953 0.821632 0.434953 0.822203 0.435737 0.822774 0.435737 0.823059 0.436129 0.823345 0.436129 0.823630 0.436520 0.823916 0.436520 0.824201 0.436912 0.824486 0.436912 0.825913 0.437304 0.826199 0.437304 0.826484 0.436912 0.826769 0.436912 0.829053 0.436520 0.829338 0.436520 0.830765 0.436129 0.831050 0.436129 0.831621 0.435737 0.831906 0.435737 0.832192 0.435345 0.832477 0.435345 0.832763 0.434953 0.833048 0.434953 0.833619 0.434561 0.833904 0.434561 0.834475 0.434169 0.834760 0.433386 0.834760 0.432994 0.835046 0.432602 0.835046 0.432210 0.835331 0.431818 0.835331 0.431426 0.835616 0.429467 0.835616 0.429075 0.835902 0.425157 0.835902 0.424765 0.835616 0.423197 0.835616 0.422414 0.835046 0.422806 0.834760 0.422414 0.835046 0.420455 0.833619 0.420455 0.833333 0.420063 0.833048 0.420063 0.832477 0.419671 0.832192 0.419671 0.831050 0.419279 0.830765 0.419279 0.829909 0.418887 0.829623 0.418887 0.829338 0.418495 0.829053 0.418495 0.826484 0.418887 0.826199 0.418887 0.825913 0.419279 0.825628 0.419279 0.825057 0.420846 0.823916 0.421238 0.823916 0.421238 0.823630 0.421630 0.823345 0.422022 0.823630 0.422414 0.823630 0.422414 0.823345 0.422022 0.823059 0.422806 0.822489 0.422806 0.821918 0.423197 0.821632 0.423589 0.821632 0.423589 0.821347 0.425157 0.820205 0.425940 0.820205 0.426332 0.819920
185 0.897335 0.782534 0.896944 0.782820 0.894984 0.782820 0.894592 0.783105 0.892633 0.783105 0.892241 0.783390 0.891066 0.783390 0.890674 0.783676 0.890282 0.783676 0.889890 0.783961 0.889107 0.783961 0.888715 0.784247 0.887931 0.784247 0.887539 0.784532 0.887147 0.784532 0.886755 0.784817 0.886364 0.784817 0.885580 0.785388 0.885188 0.785388 0.884796 0.785674 0.884404 0.785388 0.884013 0.785388 0.884404 0.785674 0.883621 0.786244 0.883229 0.786244 0.881270 0.787671 0.880878 0.787671 0.880878 0.787957 0.880094 0.788527 0.879702 0.788242 0.879702 0.787957 0.879310 0.787957 0.880094 0.788527 0.879702 0.788813 0.879310 0.788813 0.878918 0.789098 0.878527 0.788813 0.878918 0.789098 0.878918 0.789384 0.878135 0.789954 0.877743 0.789954 0.877743 0.790525 0.877351 0.790811 0.876959 0.790811 0.875784 0.791667 0.875784 0.791952 0.875000 0.792523 0.875000 0.792808 0.874216 0.793379 0.874216 0.793664 0.873824 0.793950 0.873824 0.794235 0.873433 0.794521 0.873041 0.794521 0.873041 0.795091 0.872649 0.795377 0.872649 0.795662 0.872257 0.795947 0.872257 0.796233 0.871473 0.796804 0.871473 0.797089 0.871082 0.797374 0.871082 0.797660 0.870298 0.798231 0.870298 0.798516 0.869906 0.798801 0.869906 0.799087 0.869514 0.799372 0.869514 0.799658 0.869122 0.799943 0.869122 0.800228 0.868730 0.800514 0.868730 0.801084 0.868339 0.801370 0.867947 0.801370 0.868339 0.801655 0.867947 0.801941 0.867947 0.802226 0.867555 0.802511 0.867163 0.802226 0.867163 0.801655 0.867163 0.802226 0.867555 0.802511 0.867555 0.802797 0.867163 0.803082 0.867163 0.803368 0.866771 0.803653 0.866771 0.803938 0.866379 0.804224 0.866379 0.804795 0.865987 0.805080 0.865987 0.805365 0.865204 0.805936 0.865204 0.807934 0.864812 0.808219 0.864812 0.808505 0.864420 0.808790 0.864420 0.809932 0.864028 0.810217 0.864028 0.812215 0.863636 0.812500 0.863636 0.818208 0.864028 0.818493 0.864028 0.821062 0.863636 0.821347 0.863636 0.821632 0.864028 0.821347 0.864420 0.821632 0.864420 0.822774 0.864812 0.823059 0.864812 0.823630 0.865204 0.823916 0.865204 0.824772 0.865596 0.825057 0.865596 0.825342 0.865987 0.825628 0.865987 0.825913 0.865596 0.826199 0.865987 0.826199 0.866379 0.826484 0.866379 0.827055 0.866771 0.827340 0.866771 0.827911 0.867163 0.828196 0.866771 0.828482 0.867555 0.829053 0.867555 0.829623 0.867163 0.829909 0.867163 0.830194 0.867163 0.829909 0.867555 0.829623 0.867947 0.829909 0.867947 0.830194 0.868339 0.830479 0.867947 0.830765 0.868339 0.830765 0.868730 0.831050 0.868730 0.831336 0.869514 0.831906 0.869514 0.832192 0.869906 0.832477 0.869906 0.832763 0.870690 0.833333 0.870690 0.833619 0.871865 0.834475 0.871473 0.834760 0.871865 0.834475 0.872257 0.834760 0.872257 0.835046 0.873824 0.836187 0.873824 0.836473 0.875000 0.837329 0.874608 0.837614 0.875000 0.837329 0.876567 0.838470 0.876176 0.838756 0.876567 0.838470 0.876959 0.838756 0.877351 0.838756 0.877743 0.839041 0.877743 0.839326 0.878135 0.839326 0.880094 0.840753 0.880486 0.840753 0.881270 0.841324 0.881661 0.841324 0.882445 0.841895 0.882837 0.841895 0.883229 0.842180 0.883621 0.842180 0.884013 0.842466 0.884013 0.842751 0.884404 0.842751 0.884796 0.843037 0.884796 0.843322 0.885188 0.843037 0.885580 0.843322 0.885972 0.843322 0.886364 0.843607 0.886755 0.843607 0.887539 0.844178 0.887147 0.844463 0.887539 0.844178 0.888323 0.844178 0.888715 0.844463 0.889107 0.844463 0.889498 0.844749 0.889890 0.844749 0.890282 0.845034 0.890674 0.845034 0.891066 0.845320 0.891458 0.845320 0.891850 0.845605 0.892633 0.845605 0.893025 0.845890 0.893809 0.845890 0.894201 0.846176 0.895376 0.846176 0.895768 0.846461 0.897335 0.846461 0.897727 0.846747 0.911050 0.846747 0.911442 0.846461 0.913009 0.846461 0.913401 0.846176 0.914577 0.846176 0.914969 0.845890 0.916144 0.845890 0.916536 0.845605 0.918103 0.845605 0.918495 0.845320 0.918887 0.845320 0.919279 0.845034 0.920063 0.845034 0.920455 0.844749 0.920846 0.844749 0.921238 0.844463 0.921630 0.844463 0.922022 0.844178 0.922806 0.844178 0.923197 0.843893 0.923589 0.843893 0.923981 0.843607 0.924373 0.843607 0.924765 0.843322 0.925157 0.843322 0.925549 0.843037 0.925940 0.843037 0.926332 0.842751 0.926724 0.842751 0.927508 0.842180 0.927900 0.842180 0.928683 0.841610 0.929075 0.841610 0.929859 0.841039 0.930251 0.841039 0.931034 0.840468 0.931426 0.840468 0.932602 0.839612 0.932994 0.839897 0.933386 0.839897 0.932994 0.839612 0.932994 0.839326 0.933386 0.839041 0.933777 0.839326 0.933386 0.839041 0.935737 0.837329 0.935737 0.837043 0.936912 0.836187 0.936912 0.835902 0.937696 0.835331 0.937696 0.835046 0.938480 0.834475 0.938871 0.834760 0.938480 0.834475 0.938480 0.834189 0.939263 0.833619 0.939263 0.833333 0.939655 0.833048 0.939655 0.832763 0.940047 0.832477 0.940047 0.832192 0.940831 0.831621 0.940831 0.831336 0.941614 0.830765 0.941614 0.830479 0.942006 0.830194 0.942006 0.829909 0.942790 0.829338 0.942790 0.829053 0.943182 0.828767 0.943182 0.828482 0.943574 0.828196 0.943574 0.827911 0.943966 0.827626 0.944357 0.827911 0.943966 0.827626 0.943966 0.827340 0.944749 0.826769 0.944749 0.826199 0.945141 0.825913 0.945141 0.825628 0.945533 0.825342 0.945533 0.824772 0.945925 0.824486 0.945925 0.823916 0.946317 0.823630 0.946317 0.822774 0.946708 0.822489 0.946708 0.821918 0.947100 0.821632 0.947492 0.821632 0.947100 0.821347 0.947100 0.820491 0.947492 0.820205 0.947492 0.813356 0.947884 0.813071 0.947884 0.812785 0.947492 0.812500 0.947492 0.811073 0.947884 0.810788 0.947884 0.810502 0.947492 0.810217 0.947492 0.807363 0.947100 0.807078 0.947100 0.806507 0.946708 0.806221 0.946708 0.804795 0.946317 0.804509 0.946317 0.803653 0.945925 0.803368 0.945925 0.802797 0.945533 0.802511 0.945533 0.801941 0.945141 0.801655 0.945141 0.801084 0.944749 0.800799 0.944749 0.800228 0.944357 0.799943 0.944357 0.799658 0.944749 0.799372 0.944749 0.799087 0.944749 0.799372 0.944357 0.799658 0.943966 0.799372 0.943966 0.799087 0.943574 0.798801 0.943574 0.798516 0.943182 0.798231 0.943182 0.797945 0.942790 0.797660 0.942790 0.797089 0.942006 0.796518 0.942006 0.796233 0.941614 0.795947 0.941614 0.795662 0.940831 0.795091 0.940831 0.794806 0.940047 0.794235 0.940047 0.793664 0.939655 0.793664 0.939263 0.793379 0.939655 0.793094 0.939263 0.793379 0.938088 0.792523 0.938088 0.792237 0.935737 0.790525 0.935737 0.790240 0.935345 0.789954 0.934561 0.789954 0.933777 0.789384 0.933777 0.789098 0.933386 0.789098 0.932602 0.788527 0.932210 0.788527 0.931426 0.787957 0.931426 0.787671 0.930643 0.787671 0.929075 0.786530 0.928683 0.786530 0.928292 0.786244 0.927900 0.786244 0.927116 0.785674 0.927508 0.785388 0.927116 0.785674 0.926724 0.785674 0.926332 0.785388 0.925940 0.785388 0.925549 0.785103 0.925157 0.785103 0.924765 0.784817 0.924373 0.784817 0.923981 0.784532 0.924373 0.784247 0.923981 0.784532 0.923197 0.784532 0.922806 0.784247 0.922022 0.784247 0.921630 0.783961 0.921238 0.783961 0.920846 0.783676 0.919671 0.783676 0.919279 0.783390 0.918103 0.783390 0.917712 0.783105 0.915361 0.783105 0.914969 0.782820 0.914969 0.782534 0.914577 0.782534 0.914185 0.782820 0.912226 0.782820 0.911834 0.782534
185 0.906348 0.817066 0.906740 0.816781 0.907132 0.816781 0.907524 0.817066 0.908307 0.817066 0.908699 0.816781 0.909091 0.817066 0.911050 0.817066 0.911442 0.817352 0.911834 0.817352 0.912226 0.817066 0.912618 0.817352 0.914577 0.817352 0.914969 0.817637 0.915752 0.817637 0.916144 0.817922 0.916928 0.817922 0.917320 0.818208 0.917712 0.818208 0.918103 0.818493 0.918887 0.818493 0.919279 0.818779 0.919671 0.818779 0.920063 0.819064 0.920455 0.819064 0.920846 0.819349 0.921238 0.819349 0.922806 0.820491 0.922806 0.820776 0.923589 0.821347 0.923589 0.821632 0.923981 0.821918 0.923981 0.822203 0.924373 0.822489 0.924373 0.822774 0.924765 0.823059 0.924765 0.823630 0.925157 0.823916 0.925157 0.824772 0.925549 0.825057 0.925549 0.826484 0.925157 0.826769 0.925157 0.827911 0.924765 0.828196 0.924765 0.828767 0.924373 0.829053 0.923981 0.829053 0.922414 0.830194 0.922022 0.830194 0.921630 0.830479 0.921630 0.830765 0.921238 0.831050 0.920846 0.831050 0.920455 0.831336 0.920063 0.831336 0.919279 0.831906 0.918887 0.831906 0.918103 0.832477 0.917712 0.832477 0.916536 0.833333 0.916144 0.833333 0.915752 0.833619 0.911834 0.833619 0.911442 0.833333 0.910658 0.833333 0.909875 0.832763 0.909091 0.832763 0.907915 0.831906 0.907524 0.831906 0.907132 0.831621 0.907132 0.831336 0.906740 0.831336 0.906348 0.831050 0.905956 0.831050 0.905564 0.830765 0.905564 0.830479 0.905172 0.830479 0.904389 0.829909 0.904389 0.829623 0.903997 0.829338 0.903997 0.828767 0.903605 0.828482 0.903605 0.827911 0.903997 0.827626 0.903997 0.824201 0.904389 0.823916 0.904389 0.821918 0.904781 0.821632 0.904781 0.819635 0.905172 0.819349 0.905172 0.818208 0.905564 0.817922 0.905564 0.817352 0.905956 0.817066
185 0.895376 0.813927 0.895768 0.813642 0.898119 0.813642 0.898511 0.813927 0.899687 0.813927 0.900078 0.814212 0.901254 0.814212 0.901646 0.814498 0.901254 0.814783 0.900862 0.814783 0.902038 0.814783 0.902429 0.815068 0.902429 0.815354 0.902821 0.815639 0.902821 0.815925 0.903213 0.816210 0.902821 0.816495 0.902821 0.816781 0.903213 0.817066 0.902821 0.817352 0.902821 0.817637 0.902429 0.817922 0.902429 0.818493 0.902038 0.818779 0.902038 0.819064 0.901646 0.819349 0.901646 0.819920 0.901254 0.820205 0.901254 0.821062 0.900862 0.821347 0.900862 0.822489 0.900470 0.822774 0.900470 0.823916 0.900078 0.824201 0.900078 0.825342 0.899687 0.825628 0.899687 0.826769 0.899295 0.827055 0.899295 0.827340 0.898903 0.827626 0.898903 0.827911 0.898511 0.828196 0.898119 0.828196 0.897727 0.828482 0.896944 0.828482 0.896552 0.828767 0.893809 0.828767 0.893417 0.829053 0.893025 0.828767 0.889107 0.828767 0.888715 0.828482 0.888715 0.828196 0.888323 0.828196 0.886755 0.827055 0.886755 0.826484 0.885580 0.825628 0.885188 0.825628 0.884796 0.825342 0.884404 0.825342 0.884013 0.825057 0.883621 0.825057 0.882445 0.824201 0.882445 0.823345 0.882053 0.823059 0.882053 0.822203 0.881270 0.821632 0.881270 0.819349 0.881661 0.819064 0.881661 0.818779 0.884796 0.816495 0.885188 0.816495 0.885580 0.816210 0.885972 0.816495 0.885580 0.816210 0.886364 0.815639 0.886755 0.815639 0.886755 0.815354 0.887147 0.815068 0.887539 0.815068 0.887931 0.814783 0.888323 0.814783 0.888715 0.814498 0.889498 0.814498 0.889890 0.814212 0.892241 0.814212 0.892633 0.813927
185 0.918887 0.800228 0.919279 0.799943 0.919671 0.799943 0.920455 0.800514 0.921238 0.800514 0.921630 0.800799 0.921238 0.801084 0.922414 0.801084 0.922806 0.801370 0.923197 0.801370 0.923589 0.801655 0.924373 0.801655 0.924765 0.801941 0.924765 0.802226 0.925157 0.802226 0.925549 0.802511 0.925549 0.802797 0.925940 0.802797 0.927900 0.804224 0.927900 0.804509 0.928292 0.804795 0.928292 0.805651 0.928683 0.805936 0.928683 0.808219 0.929075 0.808505 0.929075 0.809361 0.929467 0.809646 0.929467 0.810217 0.929859 0.810502 0.929859 0.813071 0.929075 0.813642 0.929075 0.813927 0.928292 0.814498 0.927900 0.814498 0.927900 0.814783 0.927508 0.815068 0.927116 0.815068 0.925940 0.815925 0.925549 0.815925 0.925157 0.816210 0.920846 0.816210 0.920455 0.815925 0.918887 0.815925 0.918495 0.815639 0.916928 0.815639 0.916536 0.815354 0.915361 0.815354 0.914969 0.815068 0.912226 0.815068 0.911834 0.814783 0.911442 0.814783 0.911050 0.814498 0.910658 0.814498 0.910266 0.814212 0.910658 0.813927 0.910266 0.814212 0.909875 0.814212 0.909483 0.813927 0.909875 0.813642 0.909483 0.813927 0.909091 0.813642 0.909091 0.813356 0.909483 0.813071 0.909091 0.812785 0.909091 0.809932 0.909483 0.809646 0.909483 0.809361 0.909875 0.809075 0.909875 0.808219 0.910658 0.807648 0.910658 0.807363 0.911050 0.807078 0.911442 0.807363 0.911050 0.807078 0.911050 0.806792 0.911834 0.806221 0.911834 0.805936 0.912226 0.805651 0.912226 0.805365 0.912618 0.805080 0.912618 0.804795 0.913009 0.804509 0.913009 0.804224 0.913401 0.803938 0.913401 0.803653 0.914969 0.802511 0.914969 0.802226 0.915361 0.801941 0.915752 0.801941 0.915752 0.801655 0.916536 0.801084 0.916928 0.801084 0.918103 0.800228
185 0.900078 0.795377 0.900470 0.795091 0.902038 0.795091 0.902429 0.795377 0.902821 0.795377 0.903605 0.795947 0.903997 0.795947 0.904389 0.796233 0.904389 0.796518 0.905172 0.797089 0.905172 0.797374 0.905564 0.797660 0.905564 0.797945 0.905956 0.798231 0.905956 0.798516 0.907915 0.799943 0.907915 0.803368 0.907524 0.803653 0.907524 0.804224 0.907132 0.804509 0.907132 0.805651 0.906740 0.805936 0.906740 0.806221 0.906348 0.806507 0.906348 0.806792 0.905956 0.807078 0.905956 0.808790 0.905564 0.809075 0.905564 0.809361 0.905956 0.809646 0.905956 0.810217 0.906348 0.810502 0.906348 0.811358 0.905564 0.811929 0.905172 0.811929 0.904781 0.812215 0.904389 0.811929 0.904389 0.811644 0.904389 0.811929 0.903997 0.812215 0.902429 0.812215 0.902038 0.812500 0.901646 0.812215 0.902038 0.812500 0.901646 0.812785 0.901254 0.812785 0.900862 0.812500 0.900470 0.812500 0.900078 0.812215 0.899295 0.812215 0.898903 0.811929 0.899295 0.811644 0.898903 0.811929 0.898119 0.811929 0.897727 0.811644 0.894984 0.811644 0.894592 0.811929 0.893417 0.811929 0.893025 0.811644 0.891458 0.811644 0.891066 0.811358 0.890282 0.811358 0.889498 0.810788 0.889890 0.810502 0.889498 0.810788 0.889107 0.810502 0.888715 0.810502 0.888323 0.810217 0.888323 0.809932 0.887539 0.809361 0.887539 0.809075 0.887147 0.808790 0.887147 0.808505 0.886364 0.807934 0.886364 0.807648 0.885972 0.807363 0.885972 0.806792 0.885580 0.806507 0.885580 0.805936 0.885188 0.805651 0.885188 0.803368 0.885580 0.803082 0.885580 0.801370 0.885972 0.801084 0.885972 0.800514 0.886364 0.800228 0.886755 0.800514 0.886364 0.800228 0.886755 0.799943 0.886755 0.799658 0.887147 0.799372 0.887931 0.799372 0.888715 0.798801 0.889107 0.798801 0.889498 0.798516 0.889890 0.798801 0.889890 0.798231 0.890282 0.797945 0.890674 0.797945 0.892241 0.796804 0.892633 0.796804 0.893025 0.796518 0.893417 0.796518 0.893809 0.796233 0.897335 0.796233 0.897727 0.795947 0.898511 0.795947 0.898903 0.795662 0.899295 0.795662 0.899687 0.795377
199 0.612461 0.774258 0.612069 0.774543 0.608542 0.774543 0.607759 0.775114 0.606975 0.775114 0.606583 0.775400 0.606191 0.775400 0.605799 0.775685 0.605016 0.775685 0.604624 0.775970 0.604232 0.775970 0.603840 0.776256 0.603448 0.776256 0.602665 0.776826 0.601881 0.776826 0.601881 0.777112 0.601097 0.777683 0.600705 0.777683 0.600313 0.777968 0.599922 0.777968 0.599138 0.778539 0.598354 0.778539 0.597962 0.778824 0.597571 0.778539 0.597962 0.778824 0.596395 0.779966 0.596003 0.779966 0.595611 0.780251 0.595611 0.780537 0.595219 0.780822 0.594436 0.780822 0.594436 0.781107 0.594044 0.781393 0.593652 0.781393 0.592868 0.781963 0.592476 0.781963 0.592476 0.782249 0.592085 0.782534 0.591693 0.782534 0.591301 0.782820 0.591301 0.783105 0.590517 0.783676 0.590125 0.783676 0.589734 0.783961 0.589342 0.783961 0.589342 0.784532 0.588950 0.784817 0.588166 0.784817 0.588166 0.785103 0.587774 0.785388 0.586991 0.785388 0.586991 0.785959 0.585815 0.786815 0.585815 0.787100 0.584639 0.787957 0.584639 0.788242 0.584248 0.788527 0.584248 0.788813 0.583856 0.789098 0.583856 0.789669 0.583464 0.789954 0.583072 0.789954 0.583072 0.790525 0.582288 0.791096 0.582288 0.791381 0.581897 0.791667 0.581897 0.792237 0.581505 0.792523 0.581505 0.793094 0.581113 0.793379 0.581113 0.793950 0.580721 0.794235 0.580721 0.794806 0.580329 0.795091 0.580329 0.795377 0.579937 0.795662 0.579937 0.797089 0.579545 0.797374 0.579545 0.798801 0.579154 0.799087 0.579154 0.807934 0.579545 0.808219 0.579545 0.808790 0.579937 0.809075 0.579937 0.811073 0.580329 0.811073 0.580721 0.811358 0.580721 0.812500 0.581113 0.812500 0.581505 0.812785 0.581505 0.813642 0.581897 0.813642 0.582288 0.813927 0.582288 0.814783 0.582680 0.814783 0.583072 0.815068 0.583072 0.816495 0.583464 0.816210 0.583856 0.816495 0.583856 0.817066 0.584248 0.817066 0.584639 0.817352 0.584639 0.817637 0.585423 0.818208 0.585423 0.818493 0.586207 0.819064 0.586207 0.819635 0.586991 0.820205 0.586991 0.820491 0.588166 0.821347 0.588166 0.821632 0.588558 0.821632 0.589342 0.822203 0.589342 0.822774 0.589734 0.822774 0.590517 0.823345 0.590517 0.823630 0.592476 0.825057 0.592868 0.825057 0.594436 0.826199 0.595219 0.826199 0.595611 0.826484 0.595611 0.826769 0.596003 0.826769 0.596395 0.827055 0.596787 0.827055 0.597571 0.827626 0.597962 0.827626 0.598354 0.827911 0.599138 0.827911 0.599530 0.828196 0.599922 0.828196 0.600313 0.828482 0.601489 0.828482 0.601881 0.828767 0.602273 0.828767 0.602665 0.829053 0.604232 0.829053 0.604624 0.829338 0.606191 0.829338 0.606583 0.829623 0.608934 0.829623 0.609326 0.829909 0.620298 0.829909 0.620690 0.829623 0.624216 0.829623 0.624608 0.829338 0.626176 0.829338 0.626959 0.828767 0.627743 0.828767 0.628135 0.828482 0.628918 0.828482 0.629702 0.827911 0.630486 0.827911 0.630878 0.827626 0.631270 0.827626 0.632053 0.827055 0.632837 0.827055 0.633229 0.826769 0.633621 0.826769 0.634404 0.826199 0.634796 0.826199 0.635580 0.825628 0.635972 0.825628 0.636364 0.825342 0.636755 0.825342 0.637931 0.824486 0.638323 0.824486 0.638715 0.824201 0.639107 0.824201 0.639107 0.823916 0.639498 0.823630 0.639890 0.823630 0.640674 0.823059 0.641066 0.823059 0.642241 0.822203 0.642241 0.821918 0.642633 0.821632 0.643025 0.821632 0.645376 0.819920 0.645376 0.819635 0.645768 0.819349 0.646160 0.819349 0.646944 0.818779 0.646944 0.818493 0.647335 0.818208 0.647335 0.817922 0.648511 0.817066 0.648511 0.816781 0.649295 0.816210 0.649295 0.815925 0.649687 0.815639 0.649687 0.815354 0.650078 0.815068 0.650078 0.814783 0.650470 0.814498 0.650470 0.813927 0.650862 0.813642 0.650862 0.813356 0.651254 0.813071 0.651254 0.812785 0.651646 0.812500 0.651646 0.811644 0.652038 0.811358 0.652038 0.811073 0.652429 0.810788 0.652429 0.810217 0.652821 0.809932 0.652821 0.809361 0.653213 0.809075 0.653213 0.808219 0.653605 0.807934 0.653605 0.806792 0.653997 0.806507 0.653997 0.805936 0.654389 0.805651 0.654389 0.805080 0.654781 0.804795 0.654781 0.799658 0.654389 0.799372 0.654389 0.798231 0.653997 0.797945 0.653997 0.796804 0.653605 0.796518 0.653605 0.795947 0.653213 0.795662 0.653213 0.795377 0.652821 0.795091 0.652821 0.794521 0.652429 0.794235 0.652429 0.793379 0.651646 0.792808 0.651646 0.791952 0.650862 0.791381 0.650862 0.791096 0.650470 0.790811 0.650470 0.790240 0.650078 0.789954 0.650078 0.789384 0.649295 0.788813 0.649295 0.788527 0.648511 0.787957 0.648511 0.787671 0.647727 0.787100 0.647727 0.786815 0.646944 0.786244 0.646944 0.785674 0.646160 0.785103 0.646160 0.784817 0.645768 0.784817 0.645376 0.784532 0.645376 0.783961 0.644984 0.783676 0.644592 0.783676 0.643417 0.782820 0.643417 0.782534 0.641850 0.781393 0.641850 0.781107 0.640674 0.780251 0.640282 0.780251 0.639107 0.779395 0.638715 0.779395 0.637931 0.778824 0.637539 0.778824 0.637147 0.778539 0.637147 0.778253 0.636755 0.778253 0.636364 0.777968 0.635580 0.777968 0.634796 0.777397 0.634404 0.777397 0.634013 0.777112 0.633229 0.777112 0.632837 0.776826 0.632053 0.776826 0.631661 0.776541 0.631270 0.776541 0.630878 0.776256 0.629310 0.776256 0.628918 0.775970 0.628527 0.775970 0.628135 0.775685 0.626959 0.775685 0.626567 0.775400 0.625000 0.775400 0.624608 0.775114 0.623041 0.775114 0.622649 0.774829 0.620690 0.774829 0.620298 0.774543 0.615987 0.774543 0.615596 0.774258
199 0.614420 0.805651 0.614812 0.805365 0.615987 0.805365 0.616379 0.805651 0.616771 0.805365 0.617555 0.805936 0.617555 0.806221 0.617947 0.806507 0.617555 0.806792 0.617947 0.806507 0.618339 0.806792 0.618339 0.808505 0.618730 0.808790 0.618730 0.812785 0.617947 0.813356 0.617947 0.813642 0.616771 0.814498 0.616771 0.814783 0.615987 0.815354 0.615596 0.815354 0.613636 0.816781 0.613636 0.817066 0.613245 0.817352 0.612853 0.817352 0.612069 0.817922 0.606975 0.817922 0.606583 0.817637 0.606975 0.817352 0.607367 0.817352 0.606975 0.817352 0.606583 0.817637 0.606191 0.817352 0.605799 0.817352 0.605408 0.817066 0.605016 0.817066 0.604624 0.816781 0.604232 0.816781 0.603840 0.816495 0.603448 0.816495 0.602273 0.815639 0.601881 0.815639 0.601097 0.815068 0.600705 0.815068 0.599530 0.814212 0.599530 0.811073 0.599922 0.810788 0.599922 0.809932 0.600313 0.809646 0.600313 0.809075 0.600705 0.808790 0.600705 0.808505 0.601881 0.807648 0.602273 0.807648 0.602665 0.807363 0.603840 0.807363 0.604232 0.807078 0.605799 0.807078 0.606191 0.807363 0.605799 0.807078 0.606191 0.806792 0.606975 0.806792 0.607367 0.806507 0.608934 0.806507 0.609326 0.806221 0.610110 0.806221 0.610502 0.805936 0.611677 0.805936 0.612069 0.805651
199 0.627743 0.803082 0.628135 0.802797 0.632837 0.802797 0.634013 0.803653 0.634013 0.803938 0.634404 0.804224 0.634404 0.805651 0.634013 0.805936 0.634013 0.809361 0.633621 0.809646 0.633621 0.810217 0.633229 0.810502 0.633229 0.810788 0.632837 0.811073 0.631661 0.811073 0.631270 0.811358 0.630094 0.811358 0.629702 0.811644 0.628918 0.811644 0.628527 0.811358 0.626959 0.811358 0.626567 0.811073 0.626176 0.811073 0.625784 0.810788 0.625000 0.810788 0.623433 0.809646 0.623433 0.809361 0.623041 0.809075 0.623041 0.808505 0.622649 0.808219 0.622649 0.807648 0.622257 0.807363 0.622257 0.807078 0.622649 0.806792 0.622257 0.807078 0.621865 0.806792 0.621865 0.806507 0.621473 0.806221 0.621473 0.805365 0.621082 0.805080 0.621082 0.804795 0.621473 0.804509 0.621865 0.804795 0.622257 0.804795 0.621865 0.804795 0.621473 0.804509 0.621865 0.804224 0.623041 0.804224 0.623433 0.803938 0.623824 0.803938 0.624216 0.803653 0.624608 0.803653 0.625000 0.803368 0.626176 0.803368 0.626567 0.803082
199 0.601881 0.790811 0.602273 0.790525 0.610893 0.790525 0.611285 0.790811 0.611285 0.791096 0.611677 0.791381 0.611677 0.791952 0.612069 0.792237 0.612069 0.793379 0.612461 0.793664 0.612461 0.794806 0.612853 0.795091 0.612853 0.795377 0.613245 0.795662 0.613245 0.796233 0.613636 0.796518 0.613636 0.796804 0.614028 0.797089 0.614028 0.797374 0.614420 0.797660 0.614420 0.797945 0.614812 0.798231 0.614812 0.798516 0.615596 0.799087 0.615596 0.799658 0.615987 0.799943 0.615987 0.801655 0.614812 0.802511 0.614420 0.802226 0.614812 0.802511 0.614420 0.802797 0.613636 0.802797 0.613245 0.803082 0.612461 0.803082 0.612069 0.802797 0.612461 0.803082 0.612069 0.803368 0.611285 0.803368 0.610893 0.803653 0.609326 0.803653 0.608934 0.803938 0.607759 0.803938 0.607367 0.804224 0.606583 0.804224 0.606191 0.804509 0.603448 0.804509 0.603056 0.804795 0.601881 0.804795 0.601489 0.805080 0.599922 0.805080 0.599530 0.804795 0.599922 0.804509 0.599530 0.804795 0.599138 0.804795 0.597962 0.803938 0.598354 0.803653 0.597962 0.803938 0.597571 0.803653 0.597179 0.803653 0.596787 0.803368 0.596787 0.803082 0.596395 0.803082 0.596003 0.802797 0.596003 0.802226 0.595219 0.801655 0.595219 0.801370 0.594828 0.801084 0.594828 0.800799 0.594436 0.800514 0.594436 0.800228 0.594828 0.799943 0.594436 0.799943 0.594044 0.799658 0.594044 0.799087 0.593652 0.798801 0.593652 0.797660 0.593260 0.797374 0.593260 0.796518 0.593652 0.796233 0.593652 0.795947 0.594044 0.795662 0.594044 0.795377 0.594436 0.795091 0.594436 0.794806 0.596395 0.793379 0.596395 0.793094 0.597179 0.792523 0.597179 0.792237 0.597571 0.791952 0.597962 0.791952 0.598354 0.791667 0.598746 0.791667 0.599530 0.791096 0.599922 0.791096 0.600313 0.790811
199 0.623041 0.787100 0.623433 0.786815 0.626176 0.786815 0.626567 0.787100 0.627351 0.787100 0.627743 0.787386 0.628918 0.787386 0.629310 0.787671 0.629702 0.787671 0.630094 0.787957 0.630486 0.787957 0.630878 0.788242 0.630486 0.788527 0.630878 0.788242 0.631661 0.788242 0.632053 0.788527 0.631661 0.788813 0.631661 0.789098 0.632053 0.788813 0.632445 0.789098 0.632445 0.789384 0.632837 0.789669 0.632837 0.790240 0.633229 0.790525 0.633229 0.791381 0.633621 0.791667 0.633621 0.792523 0.634013 0.792808 0.634013 0.793664 0.633621 0.793950 0.633621 0.795377 0.633229 0.795662 0.633229 0.795947 0.632837 0.796233 0.632837 0.796804 0.632445 0.797089 0.632445 0.797374 0.632053 0.797660 0.632053 0.797945 0.631270 0.798516 0.631270 0.798801 0.630878 0.799087 0.630486 0.799087 0.629702 0.799658 0.629310 0.799658 0.628918 0.799943 0.628527 0.799943 0.628135 0.800228 0.627743 0.800228 0.627351 0.800514 0.626959 0.800514 0.626567 0.800799 0.626176 0.800799 0.625392 0.801370 0.624608 0.801370 0.624216 0.801655 0.623824 0.801655 0.623433 0.801941 0.622649 0.801941 0.622257 0.802226 0.620690 0.802226 0.620298 0.801941 0.619906 0.801941 0.619514 0.801655 0.619514 0.801370 0.619122 0.801084 0.619122 0.799658 0.618730 0.799372 0.618730 0.798801 0.618339 0.798516 0.618339 0.797374 0.617947 0.797089 0.617947 0.795377 0.617555 0.795091 0.617555 0.794235 0.617163 0.793950 0.617163 0.790525 0.620690 0.787957 0.621082 0.787957 0.621082 0.787671 0.621473 0.787386 0.621865 0.787386 0.622257 0.787100
230 0.211599 0.725457 0.211207 0.725742 0.208072 0.725742 0.207680 0.726027 0.206505 0.726027 0.206113 0.726313 0.204937 0.726313 0.204545 0.726598 0.204154 0.726598 0.203762 0.726884 0.202978 0.726884 0.202586 0.727169 0.202194 0.727169 0.201803 0.727454 0.201019 0.727454 0.200235 0.728025 0.199843 0.728025 0.199451 0.728311 0.198668 0.728311 0.197884 0.728881 0.197492 0.728881 0.197100 0.729167 0.196708 0.729167 0.195925 0.729737 0.195533 0.729737 0.195141 0.730023 0.194357 0.730023 0.194357 0.730308 0.193966 0.730594 0.193182 0.730594 0.192006 0.731450 0.191614 0.731450 0.190831 0.732021 0.190439 0.732021 0.190047 0.732306 0.190047 0.732591 0.189655 0.732877 0.188871 0.732877 0.188088 0.733447 0.188088 0.733733 0.187696 0.734018 0.186912 0.734018 0.182994 0.736872 0.182994 0.737158 0.182602 0.737443 0.182210 0.737443 0.181818 0.737728 0.181818 0.738299 0.180643 0.739155 0.180643 0.739441 0.180251 0.739726 0.180251 0.740011 0.179859 0.740297 0.179859 0.740582 0.179467 0.740868 0.179467 0.741153 0.179075 0.741438 0.179075 0.741724 0.178683 0.742009 0.178683 0.742580 0.178292 0.742865 0.178292 0.743151 0.177900 0.743436 0.177900 0.744007 0.177508 0.744292 0.177508 0.744578 0.177116 0.744863 0.177116 0.745434 0.176724 0.745719 0.176724 0.746861 0.176332 0.747146 0.176332 0.748573 0.175940 0.748858 0.175940 0.750285 0.175549 0.750571 0.175549 0.763413 0.175940 0.763699 0.175940 0.765126 0.176332 0.765411 0.176332 0.765982 0.176724 0.766267 0.176724 0.766838 0.177116 0.767123 0.177116 0.767409 0.177508 0.767694 0.177508 0.767979 0.177900 0.768265 0.177900 0.768550 0.179467 0.769692 0.179467 0.769977 0.179859 0.770263 0.179859 0.770833 0.180251 0.771119 0.180251 0.771689 0.181818 0.772831 0.181818 0.773973 0.182210 0.773687 0.183777 0.774829 0.183777 0.775114 0.185737 0.776541 0.185737 0.776826 0.188088 0.778539 0.188088 0.778824 0.190439 0.780537 0.190831 0.780537 0.191223 0.780822 0.191223 0.781107 0.192790 0.782249 0.193182 0.782249 0.193574 0.782534 0.193966 0.782534 0.194357 0.782820 0.194357 0.783105 0.194749 0.783390 0.195141 0.783390 0.195925 0.783961 0.196317 0.783961 0.197100 0.784532 0.197884 0.784532 0.198668 0.785103 0.199451 0.785103 0.199843 0.785388 0.200235 0.785388 0.200627 0.785674 0.201019 0.785674 0.201411 0.785959 0.201803 0.785959 0.202194 0.786244 0.202586 0.786244 0.202978 0.786530 0.203370 0.786530 0.203762 0.786815 0.205329 0.786815 0.205721 0.787100 0.206113 0.787100 0.206505 0.787386 0.209639 0.787386 0.210031 0.787671 0.224922 0.787671 0.225313 0.787957 0.225313 0.787671 0.225705 0.787386 0.231583 0.787386 0.232367 0.786815 0.233934 0.786815 0.234326 0.786530 0.235110 0.786530 0.235502 0.786244 0.235893 0.786244 0.236285 0.785959 0.236677 0.785959 0.237069 0.785674 0.237853 0.785674 0.237853 0.785388 0.238245 0.785103 0.239420 0.785103 0.240596 0.784247 0.240987 0.784247 0.241379 0.783961 0.241771 0.783961 0.242555 0.783390 0.242947 0.783390 0.243730 0.782820 0.244122 0.782820 0.244906 0.782249 0.245298 0.782249 0.246473 0.781393 0.246865 0.781393 0.247257 0.781107 0.247257 0.780822 0.247649 0.780537 0.248433 0.780537 0.249216 0.779966 0.249608 0.779966 0.250000 0.779680 0.250392 0.779680 0.250392 0.779395 0.251176 0.778824 0.251959 0.778824 0.251959 0.778539 0.252351 0.778253 0.252743 0.778253 0.255878 0.775970 0.256661 0.775970 0.256661 0.775114 0.258229 0.773973 0.258229 0.773687 0.258621 0.773402 0.258621 0.773116 0.259796 0.772260 0.259796 0.771689 0.260580 0.771119 0.260580 0.770833 0.260972 0.770548 0.260972 0.770263 0.261364 0.769977 0.261364 0.769692 0.261755 0.769406 0.261755 0.769121 0.262147 0.768836 0.262147 0.768550 0.262539 0.768265 0.262539 0.767979 0.262931 0.767694 0.262931 0.764840 0.263323 0.764555 0.263323 0.764269 0.263715 0.763984 0.263715 0.762557 0.264107 0.762272 0.264107 0.761130 0.264498 0.760845 0.264498 0.757991 0.264890 0.757705 0.264890 0.751142 0.264498 0.750856 0.264498 0.748573 0.264107 0.748288 0.264107 0.747432 0.263715 0.747146 0.263715 0.746575 0.263323 0.746575 0.262931 0.746290 0.262931 0.745434 0.261755 0.744578 0.261755 0.744292 0.261364 0.744007 0.261364 0.743436 0.260188 0.742580 0.260188 0.742295 0.259796 0.742009 0.259404 0.742009 0.259013 0.741724 0.259013 0.741153 0.258229 0.740582 0.258229 0.739726 0.258621 0.739441 0.259013 0.739726 0.259013 0.739441 0.258621 0.739155 0.258621 0.738870 0.257053 0.738870 0.256661 0.738584 0.256270 0.738870 0.255878 0.738870 0.255094 0.738299 0.254702 0.738299 0.253918 0.737728 0.253918 0.737443 0.253135 0.737443 0.252743 0.737158 0.252743 0.736872 0.251176 0.735731 0.250784 0.735731 0.250392 0.735445 0.250392 0.734589 0.249608 0.734589 0.248041 0.733447 0.246865 0.733447 0.245690 0.732591 0.245690 0.732306 0.245298 0.732306 0.244906 0.732021 0.244514 0.732021 0.244122 0.731735 0.244122 0.730879 0.243339 0.730879 0.242947 0.730594 0.242947 0.730308 0.242555 0.730023 0.242163 0.730308 0.241379 0.729737 0.240987 0.729737 0.240596 0.729452 0.239812 0.729452 0.238636 0.728596 0.238245 0.728596 0.237853 0.728311 0.236677 0.728311 0.235893 0.727740 0.234718 0.727740 0.234326 0.727454 0.233542 0.727454 0.232759 0.726884 0.231975 0.726884 0.231583 0.726598 0.229624 0.726598 0.229232 0.726313 0.226881 0.726313 0.226489 0.726027 0.222571 0.726027 0.222179 0.725742 0.213166 0.725742 0.212774 0.725457
230 0.215909 0.757991 0.216301 0.757705 0.216693 0.757705 0.217085 0.757991 0.218260 0.757991 0.218652 0.758276 0.218652 0.758562 0.218652 0.758276 0.219044 0.757991 0.219828 0.758562 0.219436 0.758847 0.219436 0.759132 0.219828 0.758847 0.220219 0.759132 0.220219 0.760274 0.220611 0.760559 0.220611 0.760845 0.221003 0.761130 0.221003 0.762272 0.221395 0.762557 0.221395 0.763128 0.221787 0.763413 0.221787 0.764840 0.222179 0.765126 0.222179 0.767409 0.221787 0.767694 0.221787 0.767979 0.221395 0.768265 0.221395 0.768550 0.221003 0.768836 0.221003 0.769121 0.219436 0.770263 0.219044 0.770263 0.217868 0.771119 0.217476 0.771119 0.216301 0.771975 0.215517 0.771975 0.215125 0.772260 0.214734 0.772260 0.214342 0.772546 0.213558 0.772546 0.213166 0.772260 0.208464 0.772260 0.208072 0.771975 0.208464 0.772260 0.208072 0.772546 0.207680 0.772546 0.207288 0.772260 0.206897 0.772260 0.206505 0.771975 0.206505 0.771689 0.206113 0.771975 0.205721 0.771689 0.204937 0.771689 0.204545 0.771404 0.204154 0.771404 0.203762 0.771119 0.203370 0.771119 0.202978 0.770833 0.203370 0.770548 0.202978 0.770833 0.202586 0.770833 0.201803 0.770263 0.201803 0.769977 0.202194 0.769692 0.201803 0.769977 0.201411 0.769692 0.201411 0.769406 0.201019 0.769121 0.201019 0.766838 0.201411 0.766553 0.201411 0.765696 0.201803 0.765411 0.201803 0.764555 0.202194 0.764269 0.202194 0.763699 0.202586 0.763413 0.202586 0.763128 0.203370 0.762557 0.203370 0.762272 0.203762 0.761986 0.204154 0.761986 0.205329 0.761130 0.205721 0.761416 0.205329 0.761130 0.206113 0.760559 0.206505 0.760845 0.206505 0.760559 0.206897 0.760274 0.207288 0.760274 0.207680 0.759989 0.208856 0.759989 0.209248 0.759703 0.209639 0.759989 0.209639 0.759703 0.210031 0.759418 0.211207 0.759418 0.211599 0.759132 0.212382 0.759132 0.212774 0.759418 0.212382 0.759132 0.213166 0.758562 0.213950 0.758562 0.214342 0.758276 0.214734 0.758276 0.215125 0.757991
230 0.228056 0.754281 0.228448 0.753995 0.231583 0.753995 0.231975 0.754281 0.232759 0.754281 0.233150 0.754566 0.233542 0.754566 0.235502 0.755993 0.235502 0.756279 0.236285 0.756849 0.236285 0.757135 0.236677 0.757420 0.237069 0.757420 0.237461 0.757705 0.237853 0.757705 0.238245 0.757991 0.238245 0.758276 0.238636 0.758276 0.239028 0.758562 0.239420 0.758562 0.239812 0.758847 0.240987 0.758847 0.241379 0.759132 0.241771 0.759132 0.242947 0.759989 0.243339 0.759703 0.244122 0.760274 0.244122 0.761416 0.243339 0.761986 0.243339 0.762272 0.242555 0.762842 0.242555 0.763128 0.242163 0.763413 0.242163 0.763699 0.240204 0.765126 0.239812 0.765126 0.238636 0.765982 0.238636 0.766267 0.237461 0.767123 0.237069 0.767123 0.236285 0.767694 0.235110 0.767694 0.234718 0.767979 0.232367 0.767979 0.231975 0.767694 0.231191 0.767694 0.230799 0.767409 0.229624 0.767409 0.229232 0.767123 0.227665 0.767123 0.227273 0.766838 0.227273 0.766553 0.225705 0.765411 0.225705 0.764840 0.225313 0.764555 0.225313 0.763984 0.224922 0.763699 0.224922 0.763128 0.224530 0.762842 0.224530 0.762557 0.224138 0.762272 0.224138 0.761130 0.223746 0.760845 0.223746 0.759989 0.223354 0.759703 0.223354 0.759418 0.222962 0.759132 0.222962 0.756849 0.223354 0.756564 0.223746 0.756849 0.224530 0.756279 0.224138 0.756564 0.223746 0.756279 0.223746 0.755993 0.224530 0.755422 0.225313 0.755422 0.225313 0.755137 0.225705 0.754852 0.226097 0.754852 0.226489 0.755137 0.226097 0.754852 0.226489 0.754566 0.226881 0.754566 0.227273 0.754281
230 0.202194 0.743151 0.202586 0.742865 0.205329 0.742865 0.205721 0.743151 0.210031 0.743151 0.210423 0.743436 0.210815 0.743436 0.211207 0.743721 0.210815 0.744007 0.211207 0.743721 0.213558 0.745434 0.213558 0.745719 0.213950 0.746005 0.213950 0.746290 0.213558 0.746575 0.213950 0.746290 0.214342 0.746575 0.214342 0.746861 0.214734 0.747146 0.214734 0.747717 0.215125 0.748002 0.215125 0.748573 0.215517 0.748858 0.215517 0.749144 0.216301 0.749715 0.216301 0.750000 0.216693 0.750285 0.216693 0.750571 0.216301 0.750856 0.216693 0.750856 0.217085 0.751142 0.217085 0.751998 0.217476 0.752283 0.217476 0.753139 0.217085 0.753425 0.216693 0.753425 0.217085 0.753710 0.217085 0.754281 0.216693 0.754566 0.216301 0.754281 0.215909 0.754281 0.216301 0.754281 0.216693 0.754566 0.216301 0.754852 0.215125 0.754852 0.214734 0.755137 0.214734 0.755422 0.214342 0.755708 0.213950 0.755708 0.213558 0.755993 0.213166 0.755993 0.212774 0.756279 0.211991 0.756279 0.211599 0.756564 0.211207 0.756564 0.210815 0.756849 0.210031 0.756849 0.209639 0.757135 0.209248 0.757135 0.208856 0.757420 0.208072 0.757420 0.207680 0.757705 0.206505 0.757705 0.206113 0.757991 0.205329 0.757991 0.204937 0.758276 0.201411 0.758276 0.201019 0.757991 0.199060 0.757991 0.198668 0.757705 0.198276 0.757705 0.197884 0.757420 0.197492 0.757420 0.197100 0.757135 0.196708 0.757135 0.195533 0.756279 0.195533 0.755993 0.195141 0.755708 0.195141 0.755422 0.194749 0.755137 0.194749 0.754852 0.193966 0.754281 0.193966 0.753995 0.193574 0.753710 0.193966 0.753425 0.193574 0.753425 0.192790 0.752854 0.192790 0.750285 0.193182 0.750000 0.193574 0.750285 0.193574 0.750000 0.193182 0.749715 0.193966 0.749144 0.193966 0.748858 0.194357 0.748573 0.194357 0.748288 0.195141 0.747717 0.195141 0.746861 0.195533 0.746575 0.195533 0.746290 0.195925 0.746005 0.195925 0.745719 0.196708 0.745148 0.197100 0.745434 0.196708 0.745148 0.197492 0.744578 0.197884 0.744578 0.198668 0.744007 0.199843 0.744007 0.199451 0.743721 0.199843 0.743436 0.200235 0.743436 0.200627 0.743151
230 0.219436 0.740011 0.219828 0.739726 0.221787 0.739726 0.222179 0.740011 0.224138 0.740011 0.224530 0.739726 0.228448 0.739726 0.229624 0.740582 0.230016 0.740582 0.230408 0.740868 0.230408 0.741153 0.231191 0.741724 0.231191 0.742009 0.231583 0.742295 0.231975 0.742295 0.232759 0.742865 0.233150 0.742865 0.233542 0.743151 0.233934 0.743151 0.234326 0.743436 0.234718 0.743436 0.235893 0.744292 0.235893 0.746290 0.235502 0.746575 0.235502 0.747717 0.235110 0.748002 0.235110 0.748573 0.234718 0.748858 0.234718 0.749144 0.234326 0.749429 0.234326 0.750000 0.233542 0.750571 0.229624 0.750571 0.229232 0.750856 0.227665 0.750856 0.227273 0.751142 0.225313 0.751142 0.224922 0.751427 0.224530 0.751427 0.224138 0.751712 0.224138 0.752283 0.223746 0.752568 0.223746 0.753139 0.222962 0.753710 0.222571 0.753425 0.221787 0.753425 0.221003 0.752854 0.220611 0.752854 0.220219 0.752568 0.220611 0.752283 0.221003 0.752283 0.221003 0.751998 0.220611 0.752283 0.220219 0.751998 0.220219 0.751142 0.219828 0.750856 0.219828 0.748288 0.219436 0.748002 0.219436 0.747717 0.219044 0.747432 0.219044 0.747146 0.218652 0.746861 0.218652 0.746575 0.219044 0.746290 0.218652 0.746575 0.218260 0.746290 0.218260 0.746005 0.217868 0.745719 0.217868 0.745434 0.217476 0.745148 0.217476 0.744863 0.217085 0.744578 0.217085 0.744007 0.216693 0.743721 0.216693 0.743151 0.216301 0.742865 0.216301 0.742295 0.215909 0.742009 0.217868 0.740582 0.218260 0.740582 0.219044 0.740011
264 0.792320 0.684646 0.791928 0.684932 0.788793 0.684932 0.788009 0.685502 0.786834 0.685502 0.786442 0.685788 0.785658 0.685788 0.784875 0.686358 0.783699 0.686358 0.783699 0.686644 0.783307 0.686929 0.782524 0.686929 0.782132 0.687215 0.781348 0.687215 0.781348 0.687500 0.780956 0.687785 0.780172 0.687785 0.779781 0.688071 0.779389 0.688071 0.778213 0.688927 0.777429 0.688927 0.777429 0.689212 0.777038 0.689498 0.776646 0.689498 0.775078 0.690639 0.774687 0.690639 0.774295 0.690925 0.774295 0.691210 0.773511 0.691781 0.773119 0.691781 0.772727 0.692066 0.772727 0.692637 0.771552 0.693493 0.771160 0.693493 0.771160 0.693779 0.769984 0.694635 0.769984 0.694920 0.769592 0.695205 0.769592 0.695491 0.769201 0.695776 0.769201 0.696062 0.768809 0.696347 0.768809 0.696632 0.768025 0.697203 0.768025 0.697774 0.767633 0.698059 0.767633 0.698345 0.767241 0.698630 0.767241 0.699486 0.766850 0.699772 0.766850 0.700628 0.766458 0.700913 0.766066 0.700913 0.766458 0.701199 0.766066 0.701484 0.766066 0.702911 0.765674 0.703196 0.765674 0.710331 0.766066 0.710616 0.766066 0.712043 0.766458 0.712329 0.766458 0.713185 0.766850 0.713470 0.766850 0.713756 0.767241 0.714041 0.767241 0.714612 0.767633 0.714897 0.767633 0.715468 0.768025 0.715753 0.768025 0.716324 0.768417 0.716610 0.768809 0.716610 0.769201 0.716895 0.769201 0.717180 0.769592 0.717466 0.769592 0.718037 0.770376 0.718607 0.770376 0.718893 0.770768 0.718893 0.771160 0.719178 0.771160 0.719749 0.772335 0.720605 0.772335 0.721176 0.772727 0.721176 0.773511 0.721747 0.773511 0.722032 0.773903 0.722032 0.774295 0.722317 0.774295 0.722603 0.775470 0.723459 0.775862 0.723459 0.776646 0.724030 0.777038 0.724030 0.777429 0.724315 0.777429 0.724600 0.777821 0.724600 0.778213 0.724886 0.778605 0.724886 0.779389 0.725457 0.780172 0.725457 0.780564 0.725742 0.780956 0.725742 0.781348 0.726027 0.781740 0.726027 0.782132 0.726313 0.782524 0.726313 0.782915 0.726598 0.784091 0.726598 0.784483 0.726884 0.785266 0.726884 0.785658 0.727169 0.786442 0.727169 0.786834 0.727454 0.787618 0.727454 0.788009 0.727740 0.789577 0.727740 0.789969 0.728025 0.800549 0.728025 0.800940 0.727740 0.804467 0.727740 0.804859 0.727454 0.805251 0.727740 0.805643 0.727740 0.806034 0.727454 0.807210 0.727454 0.807994 0.726884 0.808386 0.727169 0.807994 0.726884 0.808777 0.726313 0.809169 0.726313 0.809561 0.726027 0.809953 0.726027 0.810737 0.725457 0.811129 0.725457 0.811520 0.725171 0.811912 0.725171 0.812304 0.724886 0.812696 0.724886 0.813871 0.724030 0.814655 0.724030 0.814655 0.723744 0.815047 0.723459 0.815439 0.723459 0.815439 0.723174 0.815831 0.722888 0.816223 0.722888 0.817790 0.721747 0.817790 0.721461 0.818182 0.721176 0.818574 0.721176 0.819749 0.720320 0.820141 0.720320 0.820925 0.719749 0.820925 0.719463 0.821708 0.718893 0.822100 0.718893 0.822100 0.718607 0.824060 0.717180 0.824060 0.716895 0.824843 0.716324 0.824843 0.716039 0.825235 0.715753 0.825235 0.715468 0.825627 0.715183 0.825627 0.714612 0.826019 0.714326 0.826019 0.713756 0.826411 0.713470 0.826411 0.712900 0.826803 0.712614 0.826803 0.712043 0.827194 0.711758 0.827194 0.710046 0.827586 0.709760 0.827586 0.708333 0.827978 0.708048 0.827978 0.705479 0.827586 0.705194 0.827586 0.704338 0.827194 0.704053 0.827194 0.702055 0.826803 0.701769 0.826803 0.701484 0.826411 0.701199 0.826411 0.700342 0.826019 0.700057 0.826019 0.699486 0.825627 0.699201 0.825627 0.698916 0.825235 0.698630 0.825235 0.698345 0.824843 0.698059 0.824843 0.697489 0.824451 0.697203 0.824451 0.696918 0.824060 0.696632 0.824060 0.696347 0.823668 0.696062 0.823668 0.695776 0.822884 0.695205 0.822884 0.694920 0.822492 0.694635 0.822492 0.694349 0.821708 0.693779 0.821708 0.693493 0.821317 0.693493 0.820925 0.693208 0.820925 0.692352 0.820533 0.692352 0.819749 0.691781 0.819357 0.691781 0.818966 0.691495 0.818966 0.691210 0.815831 0.688927 0.815439 0.688927 0.814263 0.688071 0.813871 0.688071 0.813480 0.687785 0.813088 0.687785 0.812696 0.687500 0.812304 0.687500 0.811912 0.687215 0.811520 0.687215 0.810737 0.686644 0.810345 0.686644 0.809953 0.686358 0.809561 0.686358 0.809169 0.686073 0.808777 0.686073 0.808386 0.685788 0.807210 0.685788 0.806818 0.685502 0.805643 0.685502 0.805251 0.685217 0.804859 0.685217 0.804467 0.684932 0.802508 0.684932 0.802116 0.684646
264 0.791144 0.707477 0.791536 0.707192 0.793103 0.708333 0.793103 0.708619 0.793495 0.708904 0.793495 0.709189 0.794279 0.709760 0.794671 0.709760 0.795063 0.710046 0.795063 0.710331 0.796630 0.711473 0.796630 0.711758 0.797414 0.712329 0.797414 0.712614 0.797806 0.712900 0.797806 0.713185 0.798589 0.713756 0.798589 0.714612 0.798197 0.714897 0.798197 0.715183 0.797414 0.715753 0.797414 0.716039 0.797022 0.716324 0.796630 0.716324 0.795846 0.716895 0.793103 0.716895 0.791536 0.718037 0.791144 0.718037 0.790752 0.718322 0.788401 0.718322 0.788009 0.718037 0.787618 0.718037 0.787226 0.717751 0.787226 0.717466 0.786442 0.716895 0.786442 0.716610 0.785658 0.716039 0.785658 0.715753 0.784875 0.715183 0.784875 0.714897 0.784091 0.714326 0.784091 0.712329 0.784483 0.712043 0.784483 0.710616 0.784875 0.710331 0.784875 0.710046 0.785266 0.709760 0.785658 0.709760 0.786050 0.709475 0.786442 0.709760 0.786442 0.709475 0.786834 0.709189 0.787226 0.709189 0.787618 0.708904 0.788009 0.709189 0.787618 0.708904 0.788009 0.708619 0.788401 0.708619 0.788793 0.708904 0.788401 0.708619 0.788793 0.708333 0.789185 0.708333 0.789577 0.708619 0.789185 0.708333 0.789577 0.708048 0.789969 0.708048 0.790752 0.707477
264 0.807602 0.702340 0.807994 0.702055 0.808777 0.702055 0.809169 0.702340 0.808777 0.702626 0.809169 0.702911 0.809561 0.702626 0.810345 0.703196 0.810345 0.703482 0.810737 0.703767 0.810737 0.704053 0.810345 0.704338 0.810737 0.704623 0.810737 0.704909 0.811129 0.704623 0.811520 0.704909 0.811520 0.705194 0.812304 0.705765 0.812304 0.706050 0.812696 0.706336 0.812304 0.706621 0.812304 0.706906 0.812696 0.707192 0.813088 0.706906 0.813480 0.707192 0.813480 0.708048 0.813088 0.708333 0.813088 0.708619 0.811912 0.709475 0.811912 0.709760 0.811520 0.710046 0.811129 0.710046 0.810737 0.710331 0.810737 0.710616 0.809953 0.711187 0.809953 0.711473 0.808777 0.712329 0.807994 0.712329 0.807602 0.712614 0.803292 0.712614 0.802900 0.712329 0.802508 0.712329 0.800157 0.710616 0.800157 0.710331 0.798589 0.709189 0.798589 0.708904 0.797806 0.708333 0.797806 0.708048 0.797022 0.707477 0.797022 0.707192 0.796630 0.706906 0.796630 0.706621 0.797022 0.706336 0.797022 0.706050 0.796630 0.705765 0.797414 0.705194 0.797806 0.705194 0.798197 0.704909 0.798589 0.704909 0.798981 0.705194 0.798981 0.704909 0.799373 0.704623 0.799765 0.704623 0.800157 0.704338 0.800549 0.704338 0.800940 0.704053 0.801332 0.704338 0.801724 0.704338 0.802900 0.703482 0.803292 0.703482 0.803683 0.703767 0.804075 0.703767 0.803683 0.703767 0.803292 0.703482 0.803683 0.703196 0.804467 0.703196 0.804859 0.702911 0.805251 0.702911 0.805643 0.702626 0.806426 0.702626 0.806818 0.702340
264 0.781348 0.696918 0.781740 0.696632 0.786834 0.696632 0.787226 0.696918 0.787226 0.700628 0.787618 0.700913 0.787618 0.701199 0.788009 0.701484 0.788009 0.701769 0.788793 0.702340 0.788793 0.702626 0.789969 0.703482 0.789969 0.704623 0.790361 0.704909 0.790361 0.705194 0.789577 0.705765 0.787618 0.705765 0.787226 0.706050 0.786834 0.706050 0.786442 0.706336 0.786050 0.706336 0.785266 0.706906 0.784875 0.706906 0.784483 0.707192 0.783699 0.707192 0.783307 0.707477 0.782524 0.707477 0.782132 0.707192 0.782524 0.706906 0.782132 0.707192 0.781740 0.706906 0.781348 0.706906 0.778997 0.705194 0.778997 0.704909 0.778605 0.704623 0.778997 0.704338 0.778605 0.704623 0.778213 0.704338 0.778213 0.704053 0.777821 0.703767 0.777821 0.701769 0.778213 0.701484 0.778213 0.700342 0.778605 0.700057 0.778605 0.699486 0.778997 0.699201 0.778997 0.698916 0.779781 0.698345 0.780172 0.698345 0.779781 0.698059 0.780172 0.697774 0.780172 0.697489 0.780956 0.696918
264 0.799765 0.692922 0.800157 0.692637 0.801724 0.692637 0.802900 0.693493 0.802508 0.693779 0.802900 0.693493 0.803292 0.693779 0.803683 0.693779 0.804859 0.694635 0.804467 0.694920 0.804075 0.694920 0.804467 0.695205 0.804859 0.694920 0.805643 0.695491 0.805643 0.696062 0.806034 0.696347 0.806034 0.697203 0.806426 0.697489 0.806426 0.698345 0.802900 0.700913 0.802508 0.700913 0.801332 0.701769 0.800940 0.701769 0.800157 0.702340 0.799373 0.702340 0.798981 0.702626 0.798589 0.702626 0.798197 0.702911 0.797806 0.702911 0.797414 0.703196 0.796238 0.703196 0.795846 0.703482 0.795455 0.703482 0.795063 0.703196 0.794671 0.703482 0.793887 0.702911 0.793887 0.702055 0.793495 0.701769 0.793495 0.700913 0.793103 0.700628 0.793103 0.700057 0.792712 0.699772 0.792712 0.698630 0.792320 0.698345 0.792712 0.698059 0.792712 0.696918 0.793887 0.696062 0.794671 0.696062 0.795063 0.695776 0.795455 0.696062 0.795846 0.696062 0.795455 0.695776 0.796238 0.695205 0.796630 0.695205 0.797806 0.694349 0.798197 0.694635 0.797806 0.694349 0.798589 0.693779 0.798981 0.693779 0.798981 0.693208 0.799373 0.692922 0.799765 0.692922 0.800157 0.693208
284 0.462774 0.679224 0.462382 0.679509 0.461207 0.679509 0.460815 0.679795 0.458072 0.679795 0.457288 0.680365 0.454545 0.680365 0.454154 0.680651 0.453370 0.680651 0.452978 0.680936 0.451019 0.680936 0.450627 0.681221 0.449843 0.681221 0.449451 0.681507 0.449060 0.681507 0.448668 0.681792 0.448276 0.681792 0.447884 0.682078 0.447100 0.682078 0.446708 0.682363 0.446317 0.682363 0.445925 0.682648 0.445141 0.682648 0.444749 0.682934 0.443966 0.682934 0.443574 0.683219 0.442790 0.683219 0.442398 0.683505 0.442006 0.683505 0.441614 0.683790 0.441223 0.683790 0.440831 0.684075 0.440439 0.684075 0.440047 0.684361 0.439263 0.684361 0.438480 0.684932 0.438088 0.684932 0.437696 0.685217 0.437304 0.684932 0.437696 0.685217 0.436912 0.685788 0.436520 0.685788 0.435737 0.686358 0.435345 0.686358 0.434169 0.687215 0.433777 0.687215 0.432994 0.687785 0.432602 0.687785 0.432602 0.688071 0.431818 0.688642 0.431426 0.688642 0.431034 0.688927 0.431034 0.689212 0.430643 0.689498 0.430251 0.689498 0.428292 0.690925 0.428292 0.691210 0.427116 0.692066 0.427116 0.692352 0.426724 0.692637 0.426332 0.692637 0.426332 0.692922 0.424765 0.694064 0.424765 0.694349 0.424373 0.694635 0.424373 0.694920 0.423589 0.695491 0.423589 0.695776 0.423197 0.696062 0.423197 0.696347 0.422414 0.696918 0.422414 0.697489 0.422022 0.697774 0.422022 0.698059 0.421630 0.698345 0.421630 0.698916 0.421238 0.699201 0.421238 0.699486 0.420846 0.699772 0.420846 0.700342 0.420063 0.700913 0.420455 0.701199 0.420063 0.701484 0.420063 0.702911 0.419671 0.703196 0.419671 0.704338 0.419279 0.704623 0.419279 0.712043 0.419671 0.712329 0.419671 0.714326 0.420063 0.714612 0.420063 0.716610 0.420455 0.716610 0.420846 0.716895 0.420846 0.717180 0.421238 0.717466 0.421238 0.718322 0.421630 0.718607 0.421630 0.718893 0.422022 0.719178 0.422022 0.719749 0.422414 0.720034 0.422414 0.720605 0.422806 0.720890 0.422806 0.721176 0.423197 0.721461 0.423197 0.721747 0.423589 0.722032 0.423589 0.722317 0.423981 0.722603 0.423981 0.722888 0.424373 0.723174 0.424373 0.723459 0.425157 0.724030 0.425157 0.724315 0.426332 0.725171 0.426332 0.725742 0.426724 0.725742 0.427116 0.726027 0.427116 0.726313 0.427508 0.726313 0.428683 0.727169 0.428683 0.727454 0.429467 0.728025 0.429467 0.728311 0.430643 0.729167 0.431034 0.729167 0.431818 0.729737 0.431818 0.730023 0.432210 0.730308 0.432602 0.730308 0.433386 0.730879 0.433777 0.730879 0.434561 0.731450 0.434561 0.731735 0.435737 0.732591 0.436520 0.732591 0.436912 0.732877 0.436912 0.733162 0.437304 0.733162 0.438088 0.733733 0.438480 0.733733 0.438871 0.734018 0.438871 0.734589 0.440047 0.734589 0.441223 0.735445 0.442398 0.735445 0.443574 0.736301 0.443966 0.736301 0.444357 0.736587 0.444749 0.736587 0.445141 0.736872 0.445141 0.737158 0.445533 0.736872 0.445925 0.737158 0.447492 0.737158 0.447884 0.737443 0.448668 0.737443 0.449060 0.737728 0.451019 0.737728 0.451411 0.738014 0.452978 0.738014 0.453370 0.738299 0.457288 0.738299 0.457680 0.738014 0.459248 0.738014 0.459639 0.737728 0.460815 0.737728 0.461207 0.737443 0.461991 0.737443 0.462382 0.737158 0.463950 0.737158 0.464342 0.736872 0.465517 0.736872 0.465909 0.736587 0.466693 0.736587 0.467085 0.736301 0.467868 0.736301 0.468260 0.736016 0.469828 0.736016 0.469828 0.735731 0.470219 0.735445 0.471395 0.735445 0.472179 0.734874 0.473746 0.734874 0.474530 0.734304 0.474922 0.734304 0.475313 0.734018 0.476097 0.734018 0.476881 0.733447 0.477665 0.733447 0.478056 0.733162 0.478448 0.733162 0.479232 0.732591 0.480016 0.732591 0.481191 0.731735 0.481975 0.731735 0.483150 0.730879 0.483542 0.730879 0.483934 0.730594 0.484326 0.730594 0.485893 0.729452 0.486285 0.729452 0.487461 0.728596 0.487461 0.728311 0.487853 0.728025 0.488636 0.728025 0.488636 0.727454 0.490204 0.726313 0.490596 0.726313 0.490596 0.726027 0.490987 0.725742 0.491771 0.725742 0.491771 0.725171 0.492163 0.724886 0.492555 0.724886 0.493730 0.724030 0.493730 0.723744 0.494122 0.723459 0.494514 0.723459 0.494906 0.723174 0.494906 0.722603 0.496865 0.721176 0.496865 0.720890 0.497257 0.720605 0.497257 0.720320 0.497649 0.720034 0.498041 0.720320 0.497649 0.720034 0.498041 0.719749 0.498041 0.719178 0.498824 0.718607 0.499216 0.718893 0.498824 0.718607 0.498824 0.717751 0.499216 0.717466 0.499216 0.717180 0.499608 0.716895 0.499608 0.716610 0.500000 0.716324 0.500000 0.715183 0.500392 0.714897 0.500392 0.714612 0.500784 0.714326 0.500784 0.713470 0.501176 0.713185 0.501176 0.703196 0.500784 0.702911 0.500784 0.702340 0.500392 0.702055 0.500392 0.701484 0.500000 0.701199 0.500000 0.700628 0.499608 0.700342 0.499608 0.699201 0.499216 0.698916 0.499608 0.698630 0.499216 0.698630 0.498824 0.698345 0.498824 0.697489 0.498433 0.697203 0.498433 0.696918 0.498041 0.696632 0.498041 0.696347 0.497649 0.696062 0.497649 0.695776 0.497257 0.695491 0.497257 0.695205 0.496865 0.694920 0.496865 0.694635 0.496473 0.694349 0.496865 0.694064 0.496473 0.694064 0.496082 0.693779 0.496082 0.693208 0.494906 0.692352 0.494906 0.691495 0.494514 0.691781 0.494122 0.691495 0.494122 0.691210 0.492947 0.690354 0.493339 0.690068 0.492555 0.689498 0.492163 0.689498 0.491771 0.689212 0.491771 0.688927 0.490596 0.688071 0.490204 0.688071 0.489812 0.687785 0.489812 0.687215 0.489028 0.687215 0.488636 0.686929 0.488636 0.686358 0.488245 0.686358 0.487069 0.685502 0.487069 0.685217 0.486677 0.684932 0.486285 0.684932 0.485502 0.684361 0.485110 0.684361 0.484326 0.683790 0.483934 0.683790 0.482367 0.682648 0.482367 0.682078 0.482367 0.682363 0.481975 0.682648 0.481583 0.682648 0.481191 0.682363 0.480799 0.682363 0.480016 0.681792 0.479232 0.681792 0.478840 0.681507 0.478448 0.681507 0.478056 0.681221 0.477665 0.681221 0.477273 0.680936 0.476489 0.680936 0.476097 0.680651 0.476097 0.680365 0.474138 0.680365 0.473746 0.680080 0.473354 0.680080 0.472962 0.679795 0.471787 0.679795 0.471395 0.679509 0.470219 0.679509 0.469828 0.679224 0.468652 0.679224 0.468260 0.679509 0.466693 0.679509 0.466301 0.679224 0.465909 0.679509 0.465125 0.679509 0.464734 0.679224
284 0.454545 0.711758 0.454937 0.711473 0.455721 0.711473 0.456113 0.711758 0.456505 0.711758 0.457680 0.712614 0.457680 0.712900 0.458072 0.712900 0.458464 0.713185 0.460815 0.713185 0.461207 0.712900 0.461991 0.712900 0.462382 0.713185 0.462382 0.713470 0.462774 0.713756 0.462774 0.714326 0.463166 0.714612 0.463166 0.714897 0.463950 0.715468 0.463950 0.716039 0.464342 0.716324 0.463950 0.716610 0.464342 0.716324 0.465125 0.716895 0.465125 0.717466 0.465517 0.717751 0.465517 0.718037 0.465909 0.718322 0.465909 0.718893 0.466301 0.719178 0.466301 0.719749 0.466693 0.720034 0.466693 0.720890 0.467085 0.721176 0.466693 0.721461 0.466693 0.721747 0.466301 0.722032 0.466301 0.722603 0.465517 0.723174 0.465517 0.723459 0.465125 0.723744 0.464734 0.723744 0.464734 0.724030 0.464342 0.724315 0.463950 0.724030 0.464342 0.724315 0.463950 0.724600 0.463950 0.724886 0.461991 0.726313 0.461991 0.726598 0.461207 0.727169 0.460815 0.727169 0.459639 0.728025 0.459248 0.728025 0.458856 0.728311 0.458464 0.728311 0.458072 0.728596 0.453762 0.728596 0.453370 0.728311 0.452586 0.728311 0.452194 0.728025 0.451803 0.728025 0.451411 0.727740 0.450627 0.727740 0.450235 0.727454 0.449451 0.727454 0.449060 0.727169 0.448276 0.727169 0.447884 0.726884 0.447100 0.726884 0.446708 0.726598 0.446317 0.726598 0.445925 0.726313 0.446317 0.726027 0.445925 0.726313 0.445533 0.726027 0.445141 0.726027 0.444749 0.725742 0.444749 0.725457 0.444357 0.725171 0.444749 0.724886 0.444357 0.725171 0.443966 0.724886 0.443966 0.724600 0.444357 0.724315 0.443966 0.724600 0.443574 0.724315 0.443574 0.724030 0.442790 0.723459 0.442790 0.722603 0.442398 0.722317 0.442398 0.719463 0.442790 0.719178 0.442790 0.717751 0.443574 0.717180 0.443574 0.716895 0.444357 0.716324 0.444749 0.716610 0.444357 0.716324 0.445141 0.715753 0.445533 0.715753 0.446708 0.714897 0.447100 0.714897 0.447884 0.714326 0.448276 0.714326 0.448668 0.714041 0.449060 0.714041 0.449451 0.713756 0.449843 0.713756 0.450235 0.713470 0.451019 0.713470 0.451411 0.713185 0.451803 0.713185 0.453370 0.712043 0.453762 0.712043 0.454154 0.711758
284 0.478448 0.703196 0.478840 0.702911 0.480016 0.702911 0.480408 0.703196 0.480799 0.703196 0.481191 0.703482 0.481583 0.703482 0.481975 0.703767 0.482367 0.703767 0.483150 0.704338 0.483542 0.704338 0.483934 0.704623 0.484326 0.704623 0.485110 0.705194 0.485502 0.705194 0.485893 0.705479 0.485893 0.705765 0.486677 0.706336 0.486677 0.706621 0.487461 0.707192 0.487461 0.707477 0.487853 0.707763 0.487853 0.708048 0.488245 0.708333 0.488245 0.709475 0.488636 0.709760 0.488636 0.710616 0.488245 0.710902 0.488245 0.712043 0.487853 0.712329 0.487461 0.712329 0.487853 0.712614 0.487853 0.712900 0.487461 0.713185 0.487461 0.713756 0.487069 0.714041 0.487069 0.714326 0.486677 0.714612 0.486285 0.714612 0.486677 0.714897 0.486285 0.715183 0.486285 0.716324 0.485893 0.716610 0.485893 0.717466 0.485502 0.717751 0.485110 0.717751 0.485110 0.718037 0.484718 0.718322 0.484326 0.718322 0.483150 0.719178 0.482759 0.719178 0.482367 0.719463 0.481975 0.719463 0.481583 0.719749 0.481191 0.719749 0.480799 0.719463 0.480799 0.719749 0.480408 0.720034 0.480016 0.720034 0.479624 0.720320 0.477665 0.720320 0.477273 0.720605 0.475313 0.720605 0.474922 0.720890 0.474530 0.720890 0.474138 0.720605 0.472962 0.720605 0.472571 0.720320 0.471787 0.720320 0.470611 0.719463 0.470219 0.719463 0.469436 0.718893 0.469436 0.718607 0.468260 0.717751 0.468260 0.717466 0.467476 0.716895 0.467476 0.716610 0.466693 0.716039 0.466693 0.715753 0.465909 0.715183 0.465909 0.714897 0.465125 0.714326 0.465125 0.714041 0.464734 0.713756 0.464734 0.713185 0.464342 0.712900 0.464342 0.712329 0.463950 0.712043 0.463950 0.711758 0.463558 0.711473 0.463558 0.711187 0.463950 0.710902 0.465517 0.710902 0.466301 0.710331 0.466301 0.710046 0.466693 0.709760 0.466693 0.708619 0.466301 0.708333 0.466693 0.708048 0.466693 0.707763 0.465909 0.707763 0.465517 0.707477 0.465909 0.707192 0.466693 0.707192 0.467476 0.706621 0.467868 0.706621 0.468652 0.706050 0.469044 0.706050 0.469436 0.705765 0.469828 0.705765 0.470611 0.705194 0.471395 0.705194 0.471787 0.704909 0.472179 0.705194 0.472962 0.705194 0.472571 0.705194 0.472179 0.704909 0.472571 0.704623 0.473354 0.704623 0.473746 0.704338 0.474138 0.704338 0.474530 0.704053 0.475313 0.704053 0.475705 0.703767 0.476097 0.703767 0.476489 0.703482 0.477273 0.703482 0.477665 0.703196
284 0.443182 0.698345 0.443574 0.698059 0.446317 0.698059 0.446708 0.698345 0.447100 0.698345 0.447492 0.698630 0.447884 0.698630 0.448668 0.699201 0.448276 0.699486 0.448668 0.699201 0.449843 0.700057 0.449451 0.700342 0.449843 0.700057 0.450235 0.700342 0.450235 0.700628 0.450627 0.700342 0.451803 0.701199 0.451411 0.701484 0.451803 0.701769 0.451803 0.702055 0.451803 0.701769 0.452194 0.701484 0.452586 0.701769 0.452586 0.702055 0.454937 0.703767 0.454937 0.704053 0.456897 0.705479 0.456897 0.705765 0.456505 0.706050 0.456113 0.706050 0.455721 0.706336 0.454937 0.706336 0.454545 0.706621 0.454937 0.706906 0.454154 0.707477 0.454154 0.708048 0.454545 0.708333 0.454545 0.709189 0.454937 0.709189 0.455329 0.709475 0.454545 0.710046 0.453762 0.710046 0.453370 0.710331 0.452978 0.710331 0.452586 0.710616 0.452194 0.710616 0.451803 0.710902 0.451411 0.710902 0.451019 0.711187 0.450627 0.711187 0.450235 0.711473 0.449843 0.711473 0.449451 0.711758 0.449060 0.711758 0.448276 0.712329 0.447492 0.712329 0.447100 0.712614 0.446317 0.712614 0.445925 0.712900 0.445141 0.712900 0.444749 0.713185 0.443966 0.713185 0.443574 0.713470 0.442790 0.713470 0.442398 0.713756 0.441223 0.713756 0.440831 0.714041 0.440439 0.713756 0.438871 0.713756 0.438088 0.713185 0.437696 0.713185 0.437304 0.712900 0.436912 0.712900 0.436129 0.712329 0.435737 0.712329 0.434953 0.711758 0.435345 0.711473 0.434561 0.711473 0.434169 0.711187 0.434169 0.710902 0.432994 0.710046 0.432994 0.709760 0.432210 0.709189 0.432210 0.708904 0.431818 0.708619 0.431818 0.707763 0.431426 0.707477 0.431426 0.705479 0.432210 0.704909 0.432210 0.704053 0.432602 0.703767 0.432602 0.703482 0.433386 0.702911 0.433386 0.702626 0.433777 0.702340 0.433777 0.702055 0.434561 0.701484 0.434561 0.701199 0.436129 0.700057 0.436520 0.700342 0.436129 0.700057 0.436912 0.699486 0.437304 0.699486 0.437696 0.699772 0.437304 0.699486 0.437696 0.699201 0.438088 0.699201 0.438480 0.698916 0.439263 0.698916 0.439655 0.698630 0.440831 0.698630 0.441223 0.698345
284 0.462382 0.688927 0.462774 0.688642 0.463950 0.688642 0.464342 0.688927 0.469044 0.688927 0.469436 0.689212 0.470611 0.689212 0.471003 0.689498 0.471395 0.689498 0.472571 0.690354 0.472962 0.690354 0.474530 0.691495 0.474922 0.691495 0.475313 0.691781 0.475313 0.692066 0.476881 0.693208 0.476489 0.693493 0.476881 0.693493 0.477665 0.694064 0.477665 0.694635 0.478056 0.694920 0.478056 0.695776 0.478448 0.696062 0.478448 0.698630 0.478056 0.698916 0.478056 0.699486 0.477665 0.699772 0.477665 0.700057 0.477273 0.700342 0.476881 0.700342 0.476881 0.700628 0.476489 0.700913 0.476097 0.700913 0.475705 0.701199 0.475313 0.701199 0.474530 0.701769 0.474138 0.701769 0.473746 0.702055 0.473354 0.702055 0.472571 0.702626 0.472179 0.702626 0.471787 0.702340 0.472179 0.702626 0.471395 0.703196 0.471003 0.703196 0.470611 0.703482 0.470219 0.703196 0.470219 0.703482 0.469828 0.703767 0.469436 0.703767 0.469044 0.704053 0.468652 0.703767 0.469044 0.704053 0.468652 0.704338 0.468260 0.704338 0.467868 0.704623 0.467476 0.704623 0.467085 0.704909 0.466693 0.704909 0.465909 0.705479 0.465517 0.705479 0.465125 0.705194 0.465125 0.704909 0.463950 0.704909 0.463558 0.704623 0.463558 0.703767 0.463166 0.703767 0.462774 0.704053 0.462382 0.703767 0.461207 0.703767 0.460815 0.704053 0.459639 0.704053 0.459248 0.704338 0.458856 0.704053 0.458464 0.704053 0.458072 0.703767 0.458072 0.703482 0.457288 0.702911 0.457288 0.702626 0.456897 0.702340 0.457288 0.702055 0.457288 0.701769 0.456897 0.701484 0.456897 0.701199 0.456897 0.701484 0.456505 0.701769 0.455721 0.701199 0.455721 0.700913 0.455329 0.700628 0.455329 0.700342 0.454937 0.700057 0.455329 0.699772 0.455329 0.699486 0.455329 0.699772 0.454937 0.700057 0.454545 0.699772 0.454545 0.699486 0.454154 0.699201 0.454154 0.698916 0.453762 0.698630 0.453762 0.698345 0.452586 0.697489 0.452586 0.697203 0.451803 0.696632 0.451803 0.696347 0.451411 0.696062 0.451411 0.695776 0.451019 0.695491 0.451019 0.694920 0.451411 0.694635 0.451411 0.694349 0.452194 0.693779 0.452194 0.693493 0.453370 0.692637 0.453762 0.692922 0.453370 0.692637 0.454154 0.692066 0.454154 0.691781 0.454545 0.691495 0.454937 0.691495 0.456113 0.690639 0.456505 0.690639 0.456897 0.690354 0.457288 0.690354 0.458072 0.689783 0.458464 0.689783 0.458856 0.689498 0.459248 0.689498 0.459639 0.689212 0.460423 0.689212 0.460815 0.688927
343 0.626959 0.615011 0.626567 0.615297 0.618730 0.615297 0.618339 0.615582 0.617163 0.615582 0.616771 0.615868 0.614420 0.615868 0.614028 0.616153 0.613245 0.616153 0.612853 0.616438 0.611677 0.616438 0.611285 0.616724 0.610893 0.616724 0.610502 0.617009 0.609718 0.617009 0.609326 0.617295 0.608934 0.617295 0.608542 0.617580 0.608150 0.617580 0.608150 0.617865 0.607759 0.618151 0.606583 0.618151 0.605799 0.618721 0.605016 0.618721 0.605016 0.619007 0.604232 0.619578 0.603840 0.619578 0.602665 0.620434 0.601881 0.620434 0.601881 0.620719 0.601489 0.621005 0.601097 0.621005 0.599138 0.622432 0.598746 0.622432 0.596787 0.623858 0.596395 0.623858 0.596003 0.624144 0.595611 0.624144 0.595611 0.624429 0.595219 0.624715 0.594828 0.624715 0.594436 0.625000 0.594044 0.625000 0.594044 0.625285 0.593260 0.625856 0.592868 0.625856 0.590909 0.627283 0.590909 0.627568 0.590517 0.627854 0.590125 0.627854 0.589734 0.628139 0.589342 0.627854 0.589342 0.628710 0.588558 0.629281 0.588166 0.629281 0.588166 0.629566 0.587382 0.630137 0.586599 0.630137 0.586991 0.630422 0.586991 0.630708 0.586599 0.630993 0.586599 0.631279 0.585815 0.631849 0.585815 0.632135 0.585423 0.632420 0.585423 0.632705 0.585031 0.632991 0.585031 0.633276 0.584639 0.633562 0.584639 0.633847 0.584248 0.634132 0.584248 0.634989 0.583464 0.635559 0.583464 0.635845 0.583072 0.636130 0.583072 0.637557 0.582288 0.638128 0.582288 0.638984 0.581897 0.639269 0.581897 0.639840 0.581505 0.640126 0.581505 0.641838 0.581113 0.642123 0.581113 0.648402 0.580721 0.648687 0.581113 0.648973 0.581113 0.651256 0.581505 0.651541 0.581505 0.653253 0.581897 0.653539 0.581897 0.654966 0.582288 0.655251 0.582288 0.655822 0.583072 0.656393 0.583072 0.657534 0.583464 0.657820 0.583464 0.658390 0.583856 0.658676 0.583856 0.658961 0.584639 0.659532 0.584639 0.660103 0.585423 0.660674 0.585423 0.660959 0.586207 0.661530 0.586207 0.662100 0.586599 0.662386 0.586207 0.662671 0.586599 0.662671 0.588166 0.663813 0.588166 0.664098 0.589342 0.664954 0.589342 0.665811 0.590517 0.665811 0.590909 0.666096 0.590909 0.666952 0.591693 0.667523 0.592085 0.667523 0.592476 0.667808 0.592476 0.668094 0.592868 0.668379 0.592476 0.668664 0.593652 0.668664 0.594044 0.668950 0.594044 0.669235 0.594828 0.669806 0.595219 0.669806 0.595611 0.670091 0.595611 0.670377 0.596003 0.670377 0.596787 0.670947 0.597179 0.670947 0.597962 0.671518 0.598354 0.671518 0.599138 0.672089 0.599530 0.672089 0.600705 0.672945 0.601097 0.672945 0.601881 0.673516 0.602273 0.673516 0.602665 0.673801 0.603056 0.673801 0.603448 0.674087 0.603840 0.674087 0.604232 0.674372 0.604624 0.674372 0.605016 0.674658 0.605408 0.674658 0.605799 0.674943 0.606583 0.674943 0.606975 0.675228 0.607759 0.675228 0.608150 0.675514 0.609326 0.675514 0.609718 0.675799 0.610893 0.675799 0.611285 0.676084 0.612853 0.676084 0.613245 0.676370 0.615596 0.676370 0.615987 0.676655 0.619122 0.676655 0.619514 0.676941 0.625392 0.676941 0.625784 0.677226 0.626176 0.677226 0.626567 0.676941 0.629702 0.676941 0.630094 0.676655 0.632837 0.676655 0.633229 0.676370 0.634404 0.676370 0.634796 0.676084 0.635972 0.676084 0.636364 0.675799 0.636755 0.675799 0.637147 0.675514 0.638323 0.675514 0.638715 0.675228 0.639107 0.675228 0.639498 0.674943 0.639890 0.674943 0.640282 0.674658 0.640674 0.674658 0.641066 0.674372 0.641458 0.674372 0.641850 0.674087 0.642241 0.674087 0.642633 0.673801 0.643417 0.673801 0.644201 0.673231 0.644984 0.673231 0.645768 0.672660 0.646160 0.672660 0.646552 0.672374 0.646944 0.672374 0.647335 0.672089 0.647727 0.672089 0.648903 0.671233 0.649295 0.671233 0.650078 0.670662 0.650470 0.670662 0.651254 0.670091 0.651646 0.670091 0.653997 0.668379 0.654389 0.668379 0.655564 0.667523 0.655564 0.667237 0.655956 0.666952 0.656348 0.666952 0.656348 0.666667 0.657915 0.665525 0.657915 0.665240 0.658307 0.664954 0.658699 0.664954 0.658699 0.664669 0.659875 0.663813 0.659875 0.663527 0.660266 0.663242 0.660266 0.662957 0.660658 0.662671 0.660658 0.662386 0.661442 0.661815 0.661442 0.661530 0.661834 0.661244 0.661834 0.660674 0.662618 0.660103 0.662618 0.659532 0.663009 0.659247 0.663009 0.658961 0.663401 0.658676 0.663401 0.658105 0.663793 0.657820 0.663793 0.657534 0.664185 0.657249 0.664185 0.656107 0.664577 0.655822 0.664577 0.655537 0.664969 0.655251 0.664969 0.653824 0.665361 0.653539 0.665361 0.652112 0.665752 0.651826 0.665752 0.650970 0.665361 0.650685 0.665752 0.650400 0.665752 0.643265 0.665361 0.642979 0.665361 0.640696 0.664969 0.640411 0.664969 0.639269 0.664577 0.638984 0.664577 0.638699 0.664185 0.638413 0.664185 0.636986 0.663793 0.636701 0.663793 0.636416 0.663401 0.636130 0.663401 0.635845 0.663009 0.635559 0.663009 0.634703 0.662618 0.634418 0.662618 0.634132 0.662226 0.633847 0.662226 0.633562 0.661834 0.633276 0.661834 0.632991 0.661442 0.632705 0.661442 0.632420 0.660658 0.631849 0.660658 0.631564 0.660266 0.631279 0.660266 0.630993 0.659875 0.630708 0.659875 0.630422 0.659483 0.630137 0.659483 0.629852 0.659091 0.629566 0.659091 0.629281 0.658699 0.628995 0.658307 0.628995 0.657915 0.628710 0.657915 0.627854 0.657524 0.627854 0.657132 0.627568 0.657132 0.627283 0.656348 0.626712 0.656348 0.626427 0.655956 0.626142 0.655956 0.625856 0.655564 0.625571 0.655172 0.625571 0.653997 0.624715 0.653997 0.624429 0.652821 0.623573 0.652821 0.623288 0.652429 0.623288 0.651646 0.622717 0.651646 0.622432 0.651254 0.622146 0.650862 0.622146 0.649295 0.621005 0.648903 0.621005 0.648511 0.620719 0.648119 0.620719 0.646552 0.619578 0.646160 0.619578 0.645376 0.619007 0.645768 0.618721 0.643809 0.618721 0.643025 0.618151 0.641850 0.618151 0.641066 0.617580 0.640674 0.617580 0.640282 0.617295 0.639498 0.617295 0.639107 0.617009 0.637931 0.617009 0.637539 0.616724 0.637539 0.616438 0.635580 0.616438 0.634796 0.615868 0.633229 0.615868 0.632837 0.615582 0.630878 0.615582 0.630486 0.615297 0.627743 0.615297 0.627351 0.615011
343 0.620690 0.650400 0.621082 0.650685 0.621082 0.650970 0.621865 0.651541 0.621865 0.652968 0.622257 0.653253 0.622257 0.654966 0.622649 0.655251 0.622649 0.655537 0.623041 0.655822 0.623041 0.656393 0.623433 0.656678 0.623433 0.656963 0.623041 0.657249 0.623433 0.656963 0.623824 0.657249 0.623824 0.657534 0.624216 0.657820 0.624216 0.658105 0.624608 0.658390 0.624608 0.658676 0.625000 0.658961 0.625000 0.659247 0.625392 0.659532 0.625392 0.659817 0.625784 0.660103 0.625784 0.661244 0.625392 0.661530 0.625392 0.661815 0.624608 0.662386 0.624216 0.662386 0.623824 0.662671 0.623041 0.662671 0.622649 0.662957 0.622257 0.662957 0.621473 0.663527 0.621082 0.663527 0.618339 0.665525 0.617163 0.665525 0.616771 0.665240 0.616379 0.665240 0.614812 0.664098 0.614420 0.664098 0.614028 0.663813 0.611677 0.663813 0.611285 0.663527 0.610893 0.663527 0.609326 0.662386 0.608934 0.662386 0.608542 0.662100 0.608150 0.662100 0.607759 0.661815 0.607367 0.661815 0.606975 0.661530 0.606583 0.661530 0.605799 0.660959 0.605799 0.660674 0.605408 0.660388 0.605016 0.660388 0.604624 0.660103 0.604624 0.659817 0.604232 0.660103 0.603448 0.659532 0.603448 0.658390 0.603056 0.658105 0.603056 0.657534 0.603448 0.657249 0.603448 0.656963 0.603840 0.656678 0.603840 0.656107 0.606975 0.653824 0.607367 0.653824 0.607759 0.653539 0.608150 0.653539 0.608542 0.653824 0.610110 0.653824 0.610502 0.654110 0.612461 0.654110 0.612853 0.653824 0.614028 0.653824 0.614420 0.653539 0.615987 0.653539 0.616379 0.653253 0.617163 0.653253 0.617163 0.652968 0.617555 0.652683 0.617947 0.652683 0.618339 0.652397 0.618730 0.652397 0.619122 0.652112 0.619122 0.651826 0.619514 0.651541 0.619514 0.651256
343 0.644201 0.646689 0.644592 0.646404 0.644984 0.646689 0.645376 0.646689 0.646552 0.647546 0.646552 0.647831 0.646160 0.648116 0.646552 0.647831 0.647335 0.648402 0.647335 0.648687 0.648119 0.649258 0.648119 0.650400 0.645376 0.652397 0.644984 0.652397 0.644984 0.652683 0.644592 0.652968 0.644592 0.653253 0.644201 0.653539 0.644201 0.656393 0.643809 0.656678 0.643809 0.657249 0.643417 0.657534 0.642633 0.657534 0.643025 0.657820 0.641850 0.658676 0.641850 0.658961 0.639498 0.660674 0.639107 0.660674 0.638715 0.660959 0.636364 0.660959 0.635972 0.660674 0.635580 0.660674 0.635188 0.660388 0.634404 0.660388 0.634013 0.660103 0.633621 0.660103 0.633229 0.659817 0.632053 0.659817 0.631270 0.659247 0.631661 0.658961 0.631661 0.658676 0.631661 0.658961 0.631270 0.659247 0.630878 0.658961 0.630878 0.658676 0.630486 0.658390 0.630878 0.658105 0.630486 0.658390 0.630094 0.658105 0.630094 0.657820 0.629702 0.657534 0.629702 0.657249 0.628918 0.656678 0.628918 0.656393 0.627743 0.655537 0.627743 0.655251 0.627351 0.654966 0.627351 0.653253 0.628135 0.652683 0.631270 0.652683 0.631661 0.652397 0.632053 0.652683 0.632445 0.652683 0.632445 0.652397 0.632837 0.652112 0.632445 0.652397 0.632053 0.652112 0.632053 0.650970 0.632445 0.650685 0.632053 0.650400 0.632053 0.650114 0.632445 0.649829 0.632837 0.649829 0.632837 0.649543 0.633621 0.648973 0.634404 0.648973 0.634796 0.648687 0.635972 0.648687 0.636364 0.648402 0.637539 0.648402 0.637931 0.648116 0.639107 0.648116 0.639498 0.647831 0.640282 0.647831 0.640674 0.647546 0.641066 0.647546 0.641850 0.646975 0.642241 0.646975 0.642633 0.646689
343 0.608150 0.631849 0.608542 0.631564 0.610502 0.631564 0.610893 0.631849 0.612069 0.631849 0.612461 0.632135 0.612853 0.632135 0.613636 0.632705 0.614028 0.632705 0.614420 0.632991 0.614420 0.633276 0.615204 0.633847 0.615204 0.634132 0.615596 0.634418 0.615596 0.635274 0.615987 0.635559 0.615987 0.636130 0.616379 0.636416 0.615987 0.636701 0.616379 0.636416 0.617163 0.636986 0.617163 0.637272 0.617555 0.637557 0.617555 0.638128 0.618339 0.638699 0.619122 0.638699 0.619514 0.638984 0.619906 0.638984 0.620298 0.639269 0.620298 0.639555 0.620690 0.639840 0.620690 0.644121 0.621082 0.644406 0.620690 0.644692 0.620298 0.644692 0.619906 0.644977 0.619122 0.644977 0.618730 0.645263 0.618730 0.647831 0.617947 0.648402 0.617555 0.648402 0.617555 0.648687 0.617163 0.648973 0.614420 0.648973 0.612069 0.650685 0.611677 0.650400 0.608150 0.650400 0.607759 0.650114 0.604624 0.650114 0.604232 0.649829 0.604624 0.649543 0.604232 0.649829 0.603840 0.649829 0.603056 0.649258 0.602665 0.649258 0.602273 0.648973 0.602273 0.648687 0.601881 0.648687 0.601489 0.648402 0.601489 0.648116 0.601097 0.647831 0.601097 0.647546 0.599922 0.646689 0.599922 0.646404 0.598746 0.645548 0.598746 0.643836 0.599138 0.643550 0.599138 0.642979 0.599530 0.642694 0.599530 0.642409 0.599922 0.642123 0.599922 0.641553 0.600313 0.641267 0.600313 0.640696 0.600705 0.640411 0.600705 0.639269 0.601097 0.638984 0.601489 0.638984 0.601097 0.638699 0.601097 0.638413 0.601489 0.638128 0.601489 0.637557 0.603056 0.636416 0.603056 0.636130 0.603448 0.635845 0.603448 0.635559 0.603840 0.635274 0.603840 0.634989 0.604232 0.634703 0.604232 0.634132 0.604624 0.633847 0.604624 0.633276 0.605408 0.632705 0.605408 0.632420 0.605799 0.632135 0.606975 0.632135 0.607367 0.631849
343 0.625784 0.628710 0.627743 0.628710 0.628135 0.628995 0.628527 0.628995 0.628918 0.629281 0.629702 0.629281 0.630094 0.629566 0.630486 0.629566 0.630878 0.629852 0.631661 0.629852 0.632053 0.630137 0.634013 0.630137 0.634404 0.630422 0.635188 0.630422 0.635580 0.630708 0.636364 0.630708 0.636755 0.630993 0.637147 0.630993 0.637931 0.631564 0.638323 0.631564 0.639498 0.632420 0.639498 0.633276 0.639890 0.632991 0.640282 0.633276 0.640282 0.633562 0.641066 0.634132 0.641066 0.634418 0.643025 0.635845 0.642633 0.636130 0.643025 0.635845 0.643417 0.636130 0.643417 0.636416 0.643809 0.636701 0.643809 0.636986 0.644201 0.637272 0.644201 0.637842 0.644592 0.638128 0.644592 0.638699 0.644201 0.638984 0.644592 0.638699 0.644984 0.638984 0.644984 0.639269 0.645376 0.639555 0.645376 0.640411 0.645768 0.640696 0.645376 0.640982 0.645376 0.641838 0.644984 0.642123 0.644984 0.642409 0.644592 0.642694 0.644201 0.642694 0.643809 0.642409 0.644201 0.642694 0.643809 0.642979 0.643417 0.642979 0.643025 0.643265 0.642633 0.643265 0.642241 0.643550 0.641458 0.643550 0.641066 0.643836 0.640674 0.643836 0.640282 0.644121 0.639890 0.644121 0.639107 0.644692 0.638323 0.644692 0.637931 0.644977 0.637539 0.644977 0.637147 0.645263 0.636755 0.645263 0.636364 0.645548 0.635972 0.645263 0.635580 0.645263 0.635188 0.645548 0.633229 0.645548 0.632837 0.645833 0.631661 0.645833 0.631270 0.646119 0.630486 0.646119 0.630094 0.645833 0.630094 0.644121 0.629310 0.643550 0.627351 0.643550 0.626567 0.642979 0.626567 0.642694 0.626176 0.642409 0.626567 0.642123 0.626567 0.641838 0.626176 0.642123 0.625784 0.641838 0.625784 0.641267 0.625392 0.640982 0.625392 0.640126 0.625000 0.639840 0.625000 0.638699 0.623824 0.637842 0.623824 0.637557 0.623433 0.637272 0.623433 0.635559 0.623824 0.635274 0.623824 0.633847 0.624216 0.633562 0.624216 0.631564 0.624608 0.631279 0.624608 0.630137 0.625000 0.629852 0.625000 0.629281
362 0.902821 0.598174 0.902429 0.598459 0.901254 0.598459 0.900862 0.598744 0.899295 0.598744 0.898903 0.599030 0.898511 0.599030 0.898119 0.599315 0.896944 0.599315 0.896160 0.599886 0.894984 0.599886 0.894201 0.600457 0.892633 0.600457 0.891458 0.601313 0.890282 0.601313 0.890282 0.601598 0.889890 0.601884 0.889107 0.601884 0.888715 0.602169 0.888323 0.602169 0.887539 0.602740 0.887147 0.602740 0.886364 0.603311 0.885972 0.603311 0.885188 0.603881 0.884796 0.603881 0.884404 0.604167 0.884013 0.604167 0.883621 0.604452 0.883229 0.604452 0.881270 0.605879 0.880878 0.605879 0.880878 0.606164 0.880094 0.606735 0.879702 0.606735 0.879702 0.607021 0.877743 0.608447 0.877743 0.609018 0.876176 0.610160 0.876176 0.610445 0.875784 0.610731 0.875784 0.611016 0.875392 0.611301 0.875392 0.611587 0.874608 0.612158 0.874608 0.612728 0.873824 0.613299 0.873824 0.613870 0.873041 0.614441 0.873041 0.615011 0.872649 0.615297 0.872649 0.615582 0.872257 0.615868 0.872257 0.616153 0.871865 0.616438 0.871865 0.617009 0.871473 0.617295 0.871473 0.618436 0.871082 0.618721 0.871082 0.619007 0.870690 0.619292 0.870690 0.619863 0.870298 0.620148 0.870298 0.621005 0.869906 0.621290 0.869906 0.622717 0.869514 0.623002 0.869514 0.623573 0.869122 0.623858 0.869122 0.625285 0.868730 0.625571 0.868730 0.626998 0.868339 0.627283 0.868339 0.631279 0.868730 0.631564 0.868730 0.633276 0.869122 0.633562 0.869122 0.634418 0.869514 0.634703 0.869514 0.635274 0.869906 0.635559 0.869906 0.636130 0.870298 0.636416 0.870298 0.636986 0.870690 0.637272 0.870690 0.637557 0.871082 0.637842 0.871082 0.638128 0.871473 0.638413 0.871473 0.638984 0.871865 0.639269 0.871865 0.639840 0.872649 0.640411 0.872649 0.640982 0.873433 0.641553 0.873433 0.641838 0.873824 0.642123 0.873824 0.642409 0.874608 0.642979 0.874608 0.643265 0.874216 0.643550 0.875000 0.643550 0.875392 0.643836 0.875392 0.644121 0.875784 0.644406 0.875784 0.644692 0.876959 0.645548 0.876959 0.645833 0.877351 0.645833 0.877743 0.646119 0.877743 0.646975 0.878135 0.646975 0.879310 0.647831 0.879310 0.648116 0.880878 0.649258 0.881270 0.649258 0.882837 0.650400 0.883229 0.650400 0.884013 0.650970 0.884013 0.651256 0.884404 0.651256 0.885188 0.651826 0.885580 0.651826 0.886364 0.652397 0.886755 0.652397 0.887147 0.652683 0.887539 0.652683 0.888323 0.653253 0.889107 0.653253 0.889498 0.653539 0.889890 0.653539 0.890282 0.653824 0.890674 0.653824 0.891066 0.654110 0.891458 0.654110 0.891850 0.654395 0.892633 0.654395 0.893025 0.654680 0.893809 0.654680 0.894201 0.654966 0.894984 0.654966 0.895376 0.655251 0.896160 0.655251 0.896552 0.655537 0.897727 0.655537 0.898119 0.655822 0.899295 0.655822 0.899687 0.656107 0.902429 0.656107 0.902821 0.656393 0.905172 0.656393 0.905564 0.656678 0.912618 0.656678 0.913009 0.656393 0.916144 0.656393 0.916536 0.656107 0.918495 0.656107 0.918887 0.655822 0.919671 0.655822 0.920063 0.655537 0.921238 0.655537 0.921238 0.655251 0.921630 0.654966 0.923197 0.654966 0.923589 0.654680 0.923981 0.654680 0.924373 0.654395 0.924765 0.654395 0.925157 0.654110 0.925549 0.654110 0.926332 0.653539 0.926724 0.653539 0.927116 0.653253 0.927508 0.653253 0.927508 0.652968 0.927900 0.652683 0.928683 0.652683 0.929467 0.652112 0.929859 0.652112 0.931034 0.651256 0.931426 0.651256 0.932602 0.650400 0.932994 0.650400 0.933386 0.650114 0.933777 0.650400 0.933386 0.650114 0.933777 0.649829 0.933777 0.649543 0.934169 0.649258 0.934561 0.649258 0.935345 0.648687 0.935737 0.648687 0.935737 0.648402 0.938480 0.646404 0.938480 0.646119 0.940047 0.644977 0.940047 0.644692 0.940831 0.644121 0.940831 0.643836 0.942006 0.642979 0.942006 0.642694 0.942398 0.642409 0.942398 0.642123 0.943182 0.641553 0.943182 0.641267 0.943574 0.640982 0.943574 0.640696 0.943966 0.640411 0.943966 0.640126 0.944749 0.639555 0.944749 0.638984 0.945141 0.638699 0.945141 0.638413 0.945533 0.638128 0.945533 0.637842 0.945925 0.637557 0.945925 0.637272 0.946317 0.636986 0.946317 0.635845 0.947100 0.635274 0.947100 0.634703 0.947492 0.634418 0.947492 0.633562 0.947884 0.633276 0.947884 0.632135 0.948276 0.631849 0.948276 0.630422 0.948668 0.630137 0.948668 0.629281 0.949060 0.628995 0.949060 0.627283 0.949451 0.626998 0.949451 0.626712 0.949060 0.626427 0.949060 0.626142 0.949451 0.625856 0.949451 0.624429 0.949060 0.624144 0.949060 0.621290 0.949451 0.621005 0.949060 0.621290 0.948276 0.620719 0.948276 0.619578 0.947884 0.619292 0.947884 0.618436 0.947492 0.618151 0.947492 0.617865 0.947100 0.617580 0.947100 0.617009 0.946708 0.616724 0.946708 0.616438 0.946317 0.616153 0.946317 0.615868 0.945925 0.615582 0.945925 0.615297 0.945533 0.615011 0.945533 0.614726 0.945141 0.614441 0.945141 0.614155 0.944749 0.613870 0.944749 0.613584 0.944357 0.613299 0.944357 0.613014 0.943966 0.612728 0.943966 0.612443 0.943182 0.611872 0.943182 0.611587 0.942006 0.610731 0.942006 0.610445 0.941614 0.610160 0.941614 0.609874 0.940831 0.609304 0.940831 0.609018 0.940439 0.609018 0.940047 0.608733 0.940047 0.608447 0.939655 0.608162 0.940047 0.607877 0.939655 0.608162 0.938088 0.607021 0.938088 0.606735 0.937696 0.606450 0.937304 0.606450 0.934561 0.604452 0.934169 0.604452 0.933777 0.604167 0.933777 0.603881 0.933386 0.603881 0.932994 0.603596 0.932602 0.603596 0.932210 0.603311 0.931818 0.603311 0.931034 0.602740 0.930643 0.602740 0.929859 0.602169 0.929467 0.602169 0.929075 0.601884 0.928683 0.601884 0.928292 0.601598 0.927900 0.601598 0.927508 0.601313 0.927116 0.601313 0.926724 0.601027 0.926332 0.601027 0.925940 0.600742 0.925549 0.600742 0.925157 0.600457 0.923981 0.600457 0.923589 0.600171 0.923197 0.600171 0.922806 0.599886 0.921630 0.599886 0.921238 0.599600 0.920063 0.599600 0.919671 0.599315 0.917712 0.599315 0.917320 0.599030 0.915361 0.599030 0.914969 0.598744 0.914185 0.598744 0.913793 0.598459 0.911050 0.598459 0.910658 0.598174
362 0.905564 0.627854 0.905956 0.627568 0.906740 0.628139 0.907524 0.628139 0.908307 0.628710 0.908699 0.628710 0.909875 0.629566 0.909875 0.629852 0.910266 0.630137 0.910266 0.630422 0.910658 0.630708 0.910658 0.630993 0.911050 0.631279 0.911050 0.632135 0.910658 0.632420 0.911050 0.632135 0.911442 0.632420 0.911442 0.633276 0.911050 0.633562 0.911442 0.633276 0.911834 0.633562 0.911834 0.635274 0.912226 0.635559 0.912226 0.639555 0.911834 0.639840 0.911834 0.640696 0.911442 0.640982 0.911442 0.641267 0.911050 0.641553 0.911050 0.641838 0.910266 0.642409 0.910266 0.642979 0.908699 0.644121 0.907915 0.644121 0.907524 0.644406 0.907132 0.644406 0.906740 0.644692 0.906348 0.644692 0.905564 0.645263 0.904781 0.645263 0.904389 0.645548 0.902821 0.645548 0.902429 0.645263 0.901646 0.645263 0.901254 0.644977 0.900862 0.644977 0.900470 0.644692 0.896552 0.644692 0.896160 0.644406 0.895768 0.644406 0.894592 0.643550 0.894592 0.643265 0.894201 0.642979 0.894201 0.642694 0.893417 0.642123 0.893417 0.641838 0.892633 0.641267 0.892633 0.640982 0.891850 0.640411 0.891850 0.639840 0.891066 0.639269 0.891066 0.638984 0.890674 0.638699 0.890674 0.638413 0.890282 0.638128 0.890282 0.637272 0.889890 0.636986 0.889890 0.635845 0.890282 0.635559 0.890282 0.634989 0.890674 0.634703 0.890674 0.634418 0.891066 0.634132 0.891066 0.633847 0.891458 0.633562 0.891458 0.633276 0.891850 0.632991 0.891850 0.632705 0.892241 0.632420 0.892241 0.632135 0.892633 0.631849 0.892633 0.631279 0.893025 0.630993 0.893025 0.630708 0.893417 0.630422 0.893809 0.630422 0.894592 0.629852 0.894984 0.629852 0.895376 0.629566 0.895768 0.629852 0.895376 0.629566 0.896552 0.628710 0.896944 0.628710 0.897727 0.628139 0.898511 0.628139 0.898903 0.627854 0.899295 0.627854 0.899687 0.628139 0.904389 0.628139 0.904781 0.627854
362 0.926332 0.626998 0.926724 0.626712 0.928292 0.626712 0.928683 0.626998 0.929467 0.626998 0.930251 0.627568 0.930643 0.627568 0.931034 0.627854 0.931034 0.628139 0.931426 0.628425 0.931426 0.628995 0.931818 0.629281 0.931818 0.629566 0.932994 0.630422 0.932994 0.630708 0.933777 0.631279 0.933777 0.632420 0.933386 0.632705 0.933386 0.632991 0.932994 0.633276 0.932994 0.633562 0.932602 0.633847 0.932602 0.634703 0.932210 0.634989 0.932210 0.635274 0.931818 0.635559 0.931818 0.635845 0.931426 0.636130 0.931426 0.636701 0.930251 0.637557 0.929859 0.637557 0.928683 0.638413 0.928292 0.638413 0.928292 0.638699 0.927116 0.639555 0.926724 0.639269 0.927116 0.639555 0.926724 0.639840 0.926724 0.640126 0.925549 0.640982 0.925549 0.641267 0.925157 0.641553 0.924765 0.641553 0.923197 0.642694 0.922806 0.642694 0.922414 0.642979 0.918103 0.642979 0.917712 0.642694 0.916928 0.642694 0.916536 0.642409 0.916536 0.642123 0.916144 0.641838 0.916144 0.639840 0.916536 0.639555 0.916536 0.638699 0.916144 0.638413 0.916144 0.636986 0.915752 0.636701 0.915752 0.636130 0.915361 0.635845 0.915361 0.635274 0.914969 0.634989 0.914969 0.634132 0.914577 0.633847 0.914577 0.632991 0.914185 0.632705 0.914185 0.629566 0.914577 0.629281 0.914577 0.628710 0.914969 0.628425 0.914577 0.628139 0.914969 0.627854 0.915361 0.627854 0.915752 0.627568 0.918887 0.627568 0.919279 0.627854 0.923197 0.627854 0.923589 0.627568 0.924373 0.627568 0.924765 0.627283 0.925157 0.627283 0.925549 0.626998
362 0.916536 0.611016 0.918495 0.611016 0.918887 0.611301 0.919671 0.611301 0.920455 0.611872 0.920846 0.611872 0.921238 0.612158 0.922022 0.612158 0.922414 0.612443 0.923589 0.612443 0.923981 0.612728 0.925157 0.612728 0.925549 0.613014 0.926332 0.613014 0.926724 0.613299 0.927116 0.613299 0.927508 0.613584 0.927900 0.613584 0.928683 0.614155 0.929075 0.614155 0.930251 0.615011 0.930643 0.615011 0.931034 0.615297 0.931034 0.615582 0.931426 0.615582 0.932994 0.616724 0.932994 0.617009 0.933386 0.617295 0.933386 0.617580 0.932994 0.617865 0.932994 0.618151 0.932602 0.618436 0.932602 0.618721 0.932210 0.619007 0.932210 0.619292 0.931818 0.619578 0.931818 0.619863 0.931034 0.620434 0.931034 0.620719 0.930251 0.621290 0.930251 0.621575 0.929467 0.622146 0.929467 0.622432 0.928292 0.623288 0.927900 0.623288 0.927508 0.623573 0.926724 0.623573 0.926332 0.623858 0.925549 0.623858 0.925157 0.624144 0.923981 0.624144 0.923589 0.624429 0.922806 0.624429 0.922414 0.624715 0.921630 0.624715 0.921238 0.625000 0.920846 0.625000 0.920455 0.625285 0.920063 0.625285 0.919671 0.625571 0.918103 0.625571 0.917712 0.625285 0.916928 0.625285 0.916536 0.625000 0.915752 0.625000 0.915361 0.624715 0.914577 0.624715 0.913793 0.624144 0.912226 0.624144 0.911442 0.623573 0.911834 0.623288 0.911442 0.623573 0.910658 0.623002 0.910658 0.622717 0.911050 0.622432 0.910658 0.622146 0.910658 0.621861 0.910266 0.622146 0.909875 0.621861 0.909875 0.621005 0.910266 0.620719 0.910658 0.620719 0.910266 0.620434 0.910266 0.619578 0.910658 0.619292 0.910658 0.618151 0.911050 0.617865 0.911050 0.616153 0.910658 0.615868 0.910658 0.614155 0.911050 0.613870 0.911050 0.613584 0.912226 0.612728 0.912618 0.612728 0.913009 0.612443 0.913401 0.612728 0.913401 0.612443 0.914185 0.611872 0.914577 0.611872 0.914969 0.611587 0.915752 0.611587
362 0.896944 0.611301 0.897335 0.611016 0.898119 0.611016 0.898903 0.611587 0.899687 0.611587 0.900470 0.612158 0.900862 0.612158 0.901254 0.612443 0.901646 0.612443 0.902038 0.612728 0.902429 0.612728 0.902821 0.613014 0.903605 0.613014 0.905172 0.614155 0.905172 0.614441 0.905564 0.614726 0.905564 0.615011 0.905956 0.615297 0.905956 0.616153 0.905564 0.616438 0.905564 0.617295 0.905172 0.617580 0.905172 0.617865 0.904781 0.618151 0.904781 0.618436 0.904389 0.618721 0.904389 0.619007 0.903997 0.619292 0.903997 0.621005 0.904389 0.621290 0.904389 0.621861 0.904781 0.622146 0.904781 0.622717 0.905564 0.623288 0.905564 0.623573 0.905956 0.623858 0.905956 0.624144 0.906740 0.624715 0.906740 0.625285 0.906348 0.625571 0.902821 0.625571 0.902429 0.625285 0.900078 0.625285 0.899687 0.625571 0.898903 0.625571 0.898511 0.625856 0.895768 0.625856 0.895376 0.626142 0.893809 0.626142 0.893417 0.626427 0.891458 0.626427 0.891066 0.626712 0.889890 0.626712 0.889498 0.626998 0.888715 0.626427 0.888715 0.624429 0.888323 0.624144 0.888323 0.623573 0.887931 0.623288 0.887931 0.622432 0.887539 0.622146 0.887539 0.621861 0.887147 0.621575 0.887147 0.619578 0.887931 0.619007 0.887931 0.618721 0.888323 0.618436 0.888323 0.618151 0.891066 0.616153 0.891066 0.615868 0.893025 0.614441 0.893025 0.614155 0.894201 0.613299 0.894201 0.613014 0.894592 0.612728 0.894592 0.612443 0.895768 0.611587 0.896160 0.611587 0.896552 0.611301
385 0.248824 0.580479 0.248433 0.580765 0.244514 0.580765 0.244122 0.581050 0.241379 0.581050 0.240987 0.581336 0.239420 0.581336 0.239028 0.581621 0.237461 0.581621 0.237069 0.581906 0.235893 0.581906 0.235502 0.582192 0.232759 0.582192 0.232367 0.582477 0.231583 0.582477 0.231191 0.582763 0.229624 0.582763 0.229232 0.583048 0.228448 0.583048 0.228056 0.583333 0.226881 0.583333 0.226489 0.583619 0.225705 0.583619 0.225313 0.583904 0.224530 0.583904 0.224138 0.584189 0.223746 0.584189 0.223354 0.584475 0.222571 0.584475 0.222179 0.584760 0.221787 0.584760 0.221003 0.585331 0.220611 0.585331 0.220219 0.585616 0.219828 0.585616 0.218260 0.586758 0.217868 0.586758 0.217085 0.587329 0.217085 0.587614 0.216301 0.588185 0.215909 0.588185 0.215517 0.588470 0.215517 0.588756 0.213558 0.590183 0.213166 0.590183 0.213558 0.590468 0.213166 0.590753 0.213166 0.591039 0.211991 0.591895 0.211991 0.592180 0.211207 0.592751 0.211207 0.593037 0.210423 0.593607 0.210423 0.593893 0.210031 0.594178 0.210031 0.594749 0.209248 0.595320 0.209248 0.595605 0.208464 0.596176 0.208464 0.596461 0.208072 0.596747 0.208072 0.597032 0.207680 0.597317 0.207680 0.597888 0.207288 0.598174 0.206897 0.598174 0.206897 0.599030 0.206113 0.599600 0.206113 0.599886 0.205721 0.600171 0.205721 0.600742 0.205329 0.601027 0.205329 0.601313 0.204937 0.601598 0.204937 0.601884 0.204545 0.602169 0.204545 0.602454 0.204154 0.602740 0.204154 0.603311 0.203762 0.603596 0.203762 0.604167 0.203370 0.604452 0.203370 0.604737 0.202978 0.605023 0.202978 0.605594 0.202586 0.605879 0.202586 0.606735 0.202194 0.607021 0.202194 0.608162 0.201803 0.608447 0.201803 0.613870 0.202194 0.614155 0.202194 0.615297 0.202586 0.615582 0.202586 0.616153 0.202978 0.616438 0.202978 0.617865 0.203370 0.618151 0.203370 0.618436 0.203762 0.618721 0.203762 0.619863 0.204154 0.620148 0.204154 0.620719 0.204545 0.621005 0.204545 0.621290 0.204937 0.621575 0.204937 0.622432 0.205329 0.622717 0.205329 0.623288 0.205721 0.623573 0.205721 0.624144 0.206113 0.624429 0.206113 0.625000 0.206897 0.625571 0.206897 0.626998 0.207288 0.627283 0.207288 0.627568 0.207680 0.627854 0.207680 0.628139 0.208464 0.628710 0.208464 0.629281 0.208856 0.629566 0.208856 0.629852 0.209248 0.630137 0.209248 0.630993 0.210031 0.631564 0.210031 0.631849 0.210815 0.632420 0.210815 0.632705 0.211207 0.632991 0.211207 0.633276 0.211599 0.633562 0.211599 0.633847 0.212382 0.634418 0.212774 0.634418 0.213166 0.634703 0.213166 0.635274 0.213558 0.635559 0.213950 0.635559 0.214734 0.636130 0.214734 0.636416 0.215909 0.637272 0.216301 0.637272 0.218652 0.638984 0.219044 0.638984 0.219828 0.639555 0.220219 0.639555 0.221003 0.640126 0.221395 0.640126 0.222179 0.640696 0.222571 0.640696 0.222962 0.640982 0.223354 0.640982 0.224530 0.641838 0.225313 0.641838 0.225705 0.642123 0.225705 0.642694 0.226097 0.642409 0.226489 0.642694 0.226881 0.642694 0.227273 0.642979 0.227665 0.642979 0.228448 0.643550 0.229232 0.643550 0.229624 0.643836 0.229624 0.644121 0.230408 0.644121 0.231191 0.644692 0.231583 0.644692 0.231975 0.644977 0.232367 0.644977 0.232759 0.645263 0.233542 0.645263 0.233934 0.645548 0.234326 0.645548 0.234718 0.645833 0.235893 0.645833 0.236677 0.646404 0.237853 0.646404 0.238245 0.646689 0.240596 0.646689 0.240987 0.646975 0.241379 0.646689 0.241771 0.646975 0.251567 0.646975 0.251959 0.646689 0.253527 0.646689 0.253918 0.646404 0.255878 0.646404 0.256270 0.646119 0.256661 0.646119 0.257053 0.645833 0.259796 0.645833 0.260188 0.645548 0.260972 0.645548 0.261364 0.645263 0.262931 0.645263 0.263323 0.644977 0.264498 0.644977 0.264890 0.644692 0.266066 0.644692 0.266458 0.644406 0.266850 0.644406 0.267241 0.644121 0.268417 0.644121 0.268809 0.643836 0.269201 0.643836 0.269592 0.643550 0.270768 0.643550 0.271552 0.642979 0.271944 0.642979 0.272335 0.642694 0.273511 0.642694 0.274295 0.642123 0.274687 0.642123 0.275078 0.641838 0.275470 0.641838 0.275470 0.641553 0.275862 0.641267 0.277038 0.641267 0.277038 0.640982 0.278213 0.640126 0.278605 0.640411 0.278605 0.640126 0.278997 0.639840 0.279389 0.639840 0.279781 0.639555 0.279781 0.639269 0.281740 0.637842 0.281740 0.637557 0.282132 0.637272 0.282524 0.637272 0.282524 0.636986 0.283699 0.636130 0.283699 0.635845 0.284875 0.634989 0.284875 0.634703 0.285266 0.634418 0.285266 0.634132 0.285658 0.633847 0.285658 0.633562 0.286442 0.632991 0.286442 0.632420 0.286834 0.632135 0.286834 0.631849 0.287226 0.631564 0.287226 0.630993 0.288009 0.630422 0.288009 0.629281 0.288793 0.628710 0.288793 0.628425 0.289185 0.628139 0.289185 0.626998 0.289577 0.626712 0.289577 0.626142 0.289969 0.625856 0.289969 0.625571 0.290361 0.625285 0.290752 0.625285 0.290361 0.625000 0.290752 0.624715 0.290752 0.624144 0.291144 0.623858 0.291144 0.623288 0.291536 0.623002 0.291928 0.623002 0.291928 0.621290 0.292712 0.620719 0.292712 0.619292 0.293103 0.619007 0.293103 0.617295 0.293495 0.617009 0.293495 0.615868 0.293887 0.615582 0.294279 0.615868 0.294279 0.616153 0.294279 0.615868 0.293887 0.615582 0.293887 0.615297 0.294279 0.615011 0.294279 0.613299 0.293887 0.613014 0.293887 0.612158 0.294279 0.611872 0.293887 0.611587 0.293887 0.610445 0.293495 0.610160 0.293495 0.608447 0.293103 0.608162 0.293103 0.607306 0.292712 0.607021 0.292712 0.605308 0.292320 0.605023 0.292320 0.604452 0.291928 0.604167 0.291928 0.602740 0.291536 0.602454 0.291536 0.602169 0.291144 0.601884 0.291144 0.600742 0.290752 0.600457 0.290752 0.599600 0.289969 0.599030 0.289969 0.598744 0.289577 0.598459 0.289577 0.597603 0.288793 0.597032 0.288793 0.596747 0.288401 0.596747 0.288009 0.596461 0.288009 0.595890 0.287226 0.595320 0.287226 0.595034 0.286442 0.594463 0.286442 0.593893 0.286050 0.593607 0.285658 0.593607 0.285266 0.593322 0.285266 0.593037 0.284483 0.592466 0.284091 0.592466 0.282524 0.591324 0.282132 0.591324 0.281740 0.591039 0.281740 0.590753 0.281348 0.590468 0.280956 0.590468 0.280172 0.589897 0.280172 0.589612 0.279781 0.589612 0.279389 0.589326 0.279781 0.589041 0.279389 0.589326 0.278997 0.589041 0.278213 0.589041 0.276646 0.587900 0.275862 0.587900 0.275470 0.587614 0.275470 0.587329 0.274687 0.587329 0.274295 0.587043 0.273903 0.587043 0.272727 0.586187 0.272335 0.586187 0.271944 0.585902 0.271552 0.585902 0.270768 0.585331 0.270376 0.585331 0.269984 0.585046 0.269592 0.585046 0.269201 0.584760 0.269201 0.584475 0.268417 0.584475 0.268025 0.584189 0.268025 0.583904 0.267633 0.583904 0.266850 0.583333 0.266458 0.583333 0.266066 0.583048 0.265282 0.583048 0.264498 0.582477 0.264107 0.582477 0.263715 0.582192 0.262931 0.582192 0.262539 0.581906 0.261755 0.581906 0.261364 0.581621 0.260580 0.581621 0.260188 0.581336 0.259013 0.581336 0.258621 0.581050 0.257053 0.581050 0.256661 0.580765 0.252351 0.580765 0.251959 0.580479
385 0.244906 0.616724 0.245298 0.616438 0.246473 0.616438 0.246865 0.616724 0.247649 0.616724 0.248824 0.617580 0.248824 0.618436 0.249216 0.618721 0.249216 0.619007 0.249608 0.619292 0.249608 0.619578 0.249216 0.619863 0.249608 0.619578 0.250000 0.619863 0.250000 0.620148 0.250392 0.620434 0.250392 0.620719 0.250784 0.621005 0.250784 0.621290 0.251176 0.621290 0.252351 0.622146 0.252743 0.622146 0.256270 0.624715 0.256270 0.625285 0.256661 0.625571 0.256661 0.626712 0.255094 0.627854 0.255094 0.628139 0.254702 0.628425 0.254310 0.628425 0.254310 0.628710 0.253918 0.628995 0.253918 0.629281 0.253135 0.629852 0.253135 0.630422 0.252743 0.630708 0.252743 0.631564 0.252351 0.631849 0.252351 0.632420 0.251959 0.632705 0.251959 0.633276 0.251567 0.633562 0.251567 0.633847 0.251176 0.634132 0.250784 0.634132 0.250392 0.634418 0.250000 0.634418 0.249608 0.634703 0.248433 0.634703 0.248041 0.634418 0.240596 0.634418 0.240204 0.634132 0.239812 0.634132 0.239420 0.633847 0.239028 0.633847 0.238636 0.633562 0.238245 0.633562 0.237461 0.632991 0.237853 0.632705 0.237461 0.632705 0.237069 0.632420 0.236677 0.632420 0.236285 0.632705 0.234718 0.631564 0.234718 0.631279 0.234326 0.630993 0.234718 0.630708 0.234718 0.630422 0.234326 0.630422 0.233934 0.630137 0.233934 0.629852 0.233542 0.629566 0.233542 0.628710 0.233150 0.628425 0.233150 0.627854 0.232759 0.627568 0.232759 0.627283 0.232367 0.626998 0.232367 0.626712 0.232759 0.626427 0.233150 0.626712 0.232759 0.626427 0.232759 0.625856 0.232367 0.625571 0.231975 0.625856 0.231583 0.625571 0.231583 0.623288 0.231975 0.623002 0.232759 0.623002 0.233934 0.622146 0.233542 0.621861 0.234326 0.621290 0.234718 0.621575 0.234326 0.621290 0.235502 0.620434 0.235893 0.620719 0.235502 0.620434 0.236677 0.619578 0.237069 0.619578 0.237461 0.619292 0.237853 0.619578 0.237853 0.619007 0.239028 0.618151 0.239420 0.618151 0.240204 0.617580 0.240596 0.617580 0.240987 0.617295 0.241379 0.617295 0.241771 0.617009 0.242163 0.617295 0.242555 0.617009 0.244122 0.617009 0.244514 0.616724
385 0.265674 0.607877 0.266066 0.607591 0.266850 0.607591 0.267241 0.607877 0.266850 0.608162 0.267241 0.607877 0.267633 0.607877 0.268025 0.608162 0.268417 0.608162 0.268809 0.608447 0.269201 0.608447 0.269984 0.609018 0.269984 0.609304 0.270376 0.609018 0.270768 0.609304 0.271160 0.609304 0.271552 0.609589 0.271552 0.609874 0.271944 0.609874 0.272335 0.610160 0.272727 0.610160 0.273119 0.610445 0.272727 0.610731 0.273119 0.610445 0.275078 0.611872 0.275078 0.612158 0.275470 0.612158 0.275862 0.612443 0.275862 0.612728 0.276254 0.613014 0.276254 0.613584 0.276646 0.613870 0.276646 0.614726 0.276254 0.615011 0.276254 0.616438 0.275862 0.616724 0.275862 0.617009 0.276254 0.617295 0.276254 0.618436 0.275862 0.618721 0.275862 0.619292 0.275470 0.619578 0.275470 0.620148 0.275078 0.620434 0.275078 0.620719 0.273511 0.621861 0.273119 0.621861 0.272335 0.622432 0.271944 0.622432 0.270768 0.623288 0.270376 0.623288 0.269984 0.623573 0.269201 0.623573 0.268809 0.623858 0.268417 0.623858 0.267241 0.624715 0.266850 0.624715 0.266458 0.625000 0.265674 0.625000 0.265282 0.625285 0.263715 0.624144 0.263323 0.624144 0.262931 0.623858 0.262931 0.623288 0.262147 0.623288 0.261364 0.622717 0.260972 0.622717 0.260188 0.622146 0.259796 0.622146 0.259013 0.621575 0.258621 0.621575 0.257837 0.621005 0.257445 0.621005 0.256661 0.620434 0.255878 0.620434 0.254310 0.619292 0.253918 0.619292 0.253527 0.619007 0.253527 0.618721 0.253918 0.618436 0.253918 0.618151 0.254310 0.617865 0.254702 0.617865 0.255486 0.617295 0.255486 0.616438 0.255094 0.616153 0.255094 0.615868 0.254702 0.615582 0.254702 0.615011 0.253918 0.614441 0.253918 0.614155 0.253527 0.613870 0.253527 0.613299 0.253135 0.613014 0.253135 0.612728 0.253918 0.612158 0.254310 0.612443 0.254702 0.612443 0.254310 0.612443 0.253918 0.612158 0.254310 0.611872 0.254702 0.611872 0.255094 0.611587 0.255486 0.611587 0.256270 0.611016 0.256661 0.611301 0.256661 0.611016 0.257445 0.610445 0.257837 0.610731 0.258229 0.610731 0.259013 0.610160 0.259404 0.610160 0.259013 0.609874 0.259404 0.609589 0.259796 0.609589 0.260188 0.609304 0.260972 0.609304 0.261364 0.609018 0.262147 0.609018 0.262539 0.608733 0.262931 0.608733 0.263323 0.608447 0.263715 0.608447 0.264107 0.608162 0.264498 0.608162 0.264890 0.607877
385 0.224530 0.603311 0.224922 0.603025 0.227273 0.603025 0.227665 0.603311 0.228448 0.603311 0.230016 0.604452 0.229624 0.604737 0.229232 0.604737 0.230016 0.604737 0.231191 0.605594 0.231191 0.605879 0.232367 0.606735 0.231975 0.607021 0.232367 0.606735 0.234326 0.608162 0.234718 0.608162 0.235110 0.608447 0.235110 0.608733 0.235502 0.609018 0.235893 0.609018 0.237069 0.609874 0.236677 0.610160 0.237069 0.609874 0.237853 0.610445 0.238245 0.610445 0.239028 0.611016 0.239420 0.611016 0.239812 0.611301 0.240204 0.611301 0.240987 0.611872 0.241379 0.611872 0.241771 0.612158 0.241379 0.612443 0.241771 0.612158 0.242163 0.612443 0.242163 0.612728 0.242947 0.613299 0.243339 0.613014 0.243730 0.613299 0.243730 0.613584 0.242947 0.614155 0.242555 0.613870 0.240987 0.613870 0.240596 0.614155 0.240204 0.614155 0.239812 0.614441 0.239420 0.614155 0.239812 0.614441 0.239028 0.615011 0.238636 0.614726 0.239028 0.615011 0.238636 0.615297 0.238245 0.615297 0.238636 0.615582 0.237853 0.616153 0.237461 0.616153 0.236677 0.616724 0.236285 0.616724 0.235502 0.617295 0.235110 0.617295 0.234326 0.617865 0.233934 0.617865 0.232759 0.618721 0.232367 0.618721 0.231975 0.619007 0.231583 0.619007 0.230799 0.619578 0.230408 0.619578 0.230016 0.619863 0.229624 0.619863 0.229232 0.620148 0.228840 0.620148 0.228448 0.620434 0.226489 0.620434 0.226097 0.620148 0.225313 0.620148 0.224922 0.619863 0.224138 0.619863 0.223746 0.619578 0.223354 0.619578 0.221787 0.618436 0.221787 0.617580 0.221395 0.617865 0.221003 0.617580 0.221003 0.617295 0.220611 0.617009 0.220611 0.616724 0.220219 0.616438 0.220219 0.616153 0.219828 0.615868 0.219828 0.615582 0.220219 0.615297 0.220219 0.613870 0.219828 0.613584 0.219828 0.611301 0.219044 0.610731 0.219044 0.609589 0.218652 0.609304 0.218652 0.608733 0.219044 0.608447 0.218652 0.608162 0.219044 0.607877 0.219044 0.607591 0.219828 0.607021 0.219828 0.606450 0.220219 0.606164 0.220219 0.605879 0.221003 0.605308 0.221003 0.605023 0.221787 0.604452 0.222179 0.604737 0.221787 0.604452 0.222571 0.603881 0.222962 0.603881 0.223354 0.603596 0.223746 0.603596 0.224138 0.603311 0.224530 0.603596 0.225313 0.603596 0.224922 0.603596
385 0.242555 0.590468 0.242947 0.590183 0.244122 0.590183 0.244514 0.590468 0.244906 0.590468 0.246473 0.591610 0.246473 0.591895 0.247257 0.591895 0.247649 0.592180 0.248433 0.592180 0.248824 0.591895 0.251959 0.591895 0.252351 0.592180 0.253135 0.592180 0.253527 0.592466 0.253918 0.592466 0.254310 0.592751 0.254702 0.592751 0.255094 0.593037 0.255878 0.593037 0.256270 0.593322 0.257053 0.593322 0.257445 0.593607 0.257837 0.593607 0.258229 0.593893 0.258621 0.593893 0.259404 0.594463 0.259796 0.594463 0.262147 0.596176 0.262147 0.596461 0.262539 0.596747 0.262539 0.597032 0.262931 0.597317 0.262931 0.597888 0.263323 0.598174 0.263323 0.601313 0.263715 0.601598 0.263715 0.604737 0.263323 0.605023 0.263323 0.605308 0.262147 0.606164 0.261755 0.606164 0.260972 0.606735 0.260580 0.606735 0.259796 0.607306 0.259404 0.607306 0.258229 0.608162 0.257837 0.608162 0.257445 0.608447 0.257053 0.608447 0.256661 0.608733 0.256270 0.608733 0.255878 0.609018 0.255486 0.608733 0.253135 0.608733 0.251959 0.609589 0.251567 0.609589 0.251176 0.609874 0.250784 0.609874 0.250392 0.610160 0.249216 0.610160 0.248824 0.609874 0.248041 0.609874 0.247649 0.610160 0.247257 0.610160 0.246865 0.609874 0.246865 0.609589 0.247257 0.609304 0.247257 0.608733 0.246865 0.608447 0.247257 0.608162 0.246865 0.608447 0.244906 0.607021 0.244514 0.607021 0.243339 0.606164 0.242555 0.606164 0.242163 0.605879 0.241379 0.605879 0.240987 0.605594 0.240596 0.605594 0.240204 0.605308 0.239812 0.605308 0.238636 0.604452 0.238245 0.604452 0.237853 0.604167 0.237853 0.603881 0.237461 0.603596 0.237461 0.603311 0.237069 0.603025 0.237069 0.602740 0.236677 0.602454 0.236677 0.602169 0.236285 0.601884 0.236285 0.601598 0.235893 0.601313 0.235893 0.600457 0.235110 0.599886 0.235110 0.597888 0.235502 0.597603 0.235502 0.597317 0.235893 0.597032 0.235893 0.596176 0.236285 0.595890 0.236285 0.595034 0.236677 0.594749 0.236677 0.593607 0.237069 0.593322 0.237069 0.593037 0.237461 0.592751 0.237853 0.593037 0.237853 0.593322 0.237853 0.593037 0.237461 0.592751 0.238245 0.592180 0.238636 0.592180 0.239420 0.591610 0.239812 0.591610 0.240204 0.591324 0.240596 0.591324 0.240987 0.591039 0.241379 0.591039 0.242163 0.590468
441 0.416144 0.508562 0.415752 0.508847 0.413793 0.508847 0.413401 0.509132 0.409091 0.509132 0.408699 0.509418 0.406348 0.509418 0.405956 0.509703 0.403213 0.509703 0.402821 0.509989 0.401254 0.509989 0.400862 0.510274 0.400078 0.510274 0.399687 0.510559 0.398903 0.510559 0.398511 0.510845 0.397727 0.510845 0.397335 0.511130 0.396944 0.511130 0.396552 0.511416 0.395768 0.511416 0.395376 0.511701 0.394984 0.511416 0.394984 0.511986 0.394592 0.512272 0.394201 0.512272 0.393809 0.512557 0.393417 0.512557 0.392633 0.513128 0.392241 0.513128 0.391458 0.513699 0.390674 0.513699 0.390674 0.513984 0.390282 0.514269 0.389890 0.514269 0.387539 0.515982 0.387147 0.515982 0.387147 0.516267 0.384404 0.518265 0.384404 0.518550 0.382445 0.519977 0.382445 0.520263 0.382053 0.520548 0.381661 0.520548 0.380878 0.521119 0.380878 0.521404 0.380094 0.521975 0.380094 0.522260 0.379702 0.522546 0.379310 0.522546 0.379310 0.523116 0.377351 0.524543 0.377351 0.525114 0.376176 0.525970 0.376176 0.526826 0.375392 0.527397 0.375392 0.527968 0.375000 0.528253 0.375000 0.528539 0.374608 0.528824 0.374608 0.529680 0.374216 0.529966 0.374216 0.530822 0.373824 0.531107 0.373824 0.531678 0.373433 0.531963 0.373433 0.532534 0.373041 0.532820 0.373041 0.533961 0.372649 0.534247 0.372649 0.535388 0.372257 0.535674 0.372257 0.538527 0.371865 0.538813 0.371865 0.544521 0.372257 0.544806 0.372257 0.546233 0.372649 0.546518 0.372649 0.547089 0.373041 0.547374 0.373041 0.548231 0.373433 0.548516 0.373433 0.548801 0.373824 0.549087 0.373824 0.549372 0.374216 0.549658 0.374216 0.549943 0.374608 0.550228 0.374608 0.550514 0.375000 0.550799 0.375000 0.551084 0.376176 0.551941 0.376176 0.552226 0.376567 0.552511 0.376567 0.552797 0.377743 0.553653 0.377743 0.553938 0.378135 0.554224 0.378135 0.554509 0.378918 0.554509 0.379310 0.554795 0.379310 0.555080 0.379702 0.555365 0.379702 0.555651 0.381661 0.557078 0.381661 0.557363 0.382445 0.557934 0.382445 0.558219 0.382837 0.558505 0.383229 0.558505 0.384404 0.559361 0.384404 0.559646 0.384796 0.559932 0.385188 0.559932 0.387931 0.561929 0.388323 0.561929 0.388715 0.562215 0.388715 0.562500 0.389107 0.562785 0.389890 0.562785 0.390674 0.563356 0.391066 0.563356 0.391458 0.563642 0.392241 0.563642 0.393025 0.564212 0.393809 0.564212 0.394201 0.564498 0.394592 0.564498 0.395376 0.565068 0.396944 0.565068 0.397335 0.565354 0.397727 0.565354 0.398119 0.565639 0.398511 0.565639 0.398903 0.565925 0.400862 0.565925 0.401254 0.566210 0.401646 0.566210 0.402038 0.566495 0.403997 0.566495 0.404389 0.566781 0.404781 0.566781 0.405172 0.567066 0.406740 0.567066 0.407132 0.567352 0.407915 0.567352 0.408307 0.567637 0.411442 0.567637 0.411834 0.567922 0.417712 0.567922 0.418103 0.567637 0.420455 0.567637 0.420846 0.567352 0.422022 0.567352 0.422414 0.567066 0.423589 0.567066 0.423981 0.566781 0.424765 0.566781 0.425157 0.566495 0.425940 0.566495 0.426332 0.566210 0.427116 0.566210 0.427508 0.565925 0.428292 0.565925 0.428683 0.565639 0.429075 0.565639 0.429467 0.565354 0.429859 0.565354 0.430251 0.565068 0.430643 0.565068 0.431034 0.564783 0.431426 0.564783 0.431818 0.564498 0.432210 0.564498 0.432602 0.564212 0.432994 0.564212 0.433777 0.563642 0.434169 0.563642 0.436129 0.562215 0.436520 0.562215 0.437696 0.561358 0.438480 0.561358 0.438480 0.560788 0.438871 0.560502 0.440047 0.560502 0.439655 0.560502 0.439263 0.560217 0.439655 0.559932 0.440047 0.559932 0.440439 0.559646 0.440831 0.559932 0.440439 0.559646 0.442398 0.558219 0.442790 0.558505 0.442398 0.558219 0.443574 0.557363 0.443574 0.557078 0.443966 0.556792 0.444749 0.556792 0.444749 0.556221 0.445533 0.555651 0.445925 0.555651 0.445533 0.555365 0.447100 0.554224 0.447100 0.553938 0.447492 0.553653 0.447884 0.553938 0.447492 0.553653 0.447884 0.553368 0.447884 0.553082 0.448668 0.552511 0.449060 0.552797 0.449060 0.553082 0.448668 0.553368 0.449060 0.553082 0.449060 0.552797 0.448668 0.552511 0.449060 0.552226 0.449451 0.552226 0.449060 0.551941 0.449451 0.551655 0.449451 0.551370 0.449843 0.551084 0.449843 0.550799 0.450235 0.550514 0.450627 0.550799 0.451019 0.550514 0.451019 0.549087 0.451411 0.548801 0.451411 0.548516 0.451803 0.548231 0.451803 0.547945 0.452194 0.547660 0.452194 0.546804 0.452586 0.546518 0.452586 0.545377 0.452978 0.545091 0.452978 0.543094 0.453370 0.542808 0.453370 0.534247 0.452978 0.533961 0.452978 0.531963 0.452586 0.531678 0.452586 0.529966 0.452978 0.529680 0.452586 0.529680 0.452194 0.529395 0.452194 0.528824 0.451803 0.528539 0.451803 0.527683 0.451019 0.527112 0.451019 0.525970 0.450235 0.525400 0.450235 0.525114 0.449843 0.524829 0.449843 0.524258 0.449451 0.523973 0.449451 0.523402 0.449060 0.523116 0.449451 0.522831 0.448668 0.522831 0.447884 0.522260 0.447884 0.521689 0.446708 0.520833 0.446708 0.520548 0.446317 0.520548 0.444749 0.519406 0.444749 0.519121 0.444357 0.518836 0.443966 0.518836 0.443574 0.518550 0.443966 0.518265 0.444357 0.518265 0.443966 0.518265 0.443574 0.518550 0.443182 0.518265 0.443182 0.517979 0.442398 0.517409 0.442006 0.517409 0.439263 0.515411 0.438871 0.515411 0.438480 0.515126 0.438480 0.514840 0.438088 0.514555 0.437696 0.514555 0.436129 0.513413 0.435737 0.513413 0.433777 0.511986 0.433386 0.511986 0.432210 0.511130 0.431818 0.511130 0.431034 0.510559 0.430643 0.510559 0.430251 0.510274 0.429859 0.510274 0.429467 0.509989 0.428683 0.509989 0.427900 0.509418 0.427116 0.509418 0.426724 0.509132 0.426332 0.509132 0.425940 0.508847 0.423197 0.508847 0.422806 0.508562
441 0.411834 0.540811 0.412226 0.540525 0.413009 0.540525 0.413401 0.540811 0.414185 0.540811 0.414577 0.541096 0.414969 0.541096 0.415361 0.541381 0.415752 0.541381 0.416536 0.541952 0.417712 0.541952 0.418103 0.542237 0.418887 0.542237 0.419279 0.542523 0.419671 0.542523 0.420063 0.542808 0.420063 0.543094 0.420455 0.543094 0.420846 0.542808 0.421238 0.543094 0.421630 0.543094 0.422022 0.543379 0.422414 0.543379 0.423197 0.543950 0.423589 0.543950 0.425940 0.545662 0.425940 0.545947 0.426332 0.546233 0.426332 0.546518 0.426724 0.546804 0.426724 0.547660 0.427116 0.547945 0.427116 0.549087 0.427508 0.549372 0.427508 0.549943 0.427116 0.550228 0.426332 0.550228 0.426332 0.550514 0.425549 0.551084 0.424765 0.550514 0.425549 0.551084 0.424765 0.551655 0.424373 0.551370 0.424373 0.551941 0.423981 0.552226 0.423197 0.552226 0.423197 0.552511 0.422022 0.553368 0.421630 0.553368 0.421630 0.553653 0.422022 0.553653 0.422414 0.553368 0.422806 0.553653 0.422414 0.553368 0.423197 0.552797 0.423589 0.552797 0.423589 0.552511 0.423981 0.552226 0.424373 0.552226 0.425157 0.551655 0.425549 0.551941 0.425157 0.551655 0.425549 0.551370 0.425940 0.551370 0.426332 0.551084 0.427116 0.551655 0.427116 0.552226 0.426724 0.552511 0.426332 0.552511 0.426332 0.552797 0.426724 0.553082 0.425549 0.553938 0.425157 0.553938 0.424765 0.554224 0.423981 0.554224 0.423589 0.554509 0.423197 0.554509 0.422806 0.554795 0.422414 0.554795 0.422022 0.555080 0.421630 0.555080 0.420455 0.555936 0.420063 0.555936 0.419279 0.556507 0.417712 0.556507 0.417320 0.556792 0.414185 0.556792 0.413793 0.556507 0.413401 0.556507 0.413009 0.556221 0.413401 0.555936 0.413009 0.556221 0.412618 0.555936 0.412226 0.555936 0.411834 0.555651 0.411442 0.555651 0.411050 0.555365 0.411442 0.555080 0.411050 0.555080 0.410658 0.555365 0.409091 0.554224 0.409091 0.553938 0.408307 0.553368 0.408699 0.553082 0.408307 0.553368 0.407915 0.553082 0.407915 0.552797 0.407132 0.552226 0.407132 0.551941 0.406740 0.551655 0.406740 0.550799 0.406348 0.550514 0.406348 0.550228 0.406740 0.549943 0.407132 0.549943 0.406740 0.549658 0.406740 0.549372 0.407132 0.549087 0.407132 0.548231 0.407524 0.547945 0.407524 0.547089 0.407915 0.546804 0.407915 0.546518 0.408307 0.546233 0.408307 0.545947 0.409091 0.545377 0.409091 0.544806 0.409483 0.544521 0.409483 0.544235 0.410266 0.543664 0.410266 0.543379 0.410658 0.543094 0.411050 0.543094 0.410658 0.542808 0.410658 0.541381 0.411442 0.540811
441 0.392633 0.535388 0.393025 0.535103 0.395376 0.535103 0.395768 0.535388 0.395376 0.535674 0.394984 0.535674 0.395376 0.535674 0.395768 0.535388 0.396944 0.535388 0.397335 0.535674 0.398119 0.535674 0.398511 0.535959 0.398903 0.535959 0.399295 0.536244 0.400078 0.536244 0.400470 0.536530 0.401646 0.536530 0.402038 0.536815 0.402429 0.536815 0.402821 0.537100 0.403605 0.537100 0.403997 0.537386 0.404389 0.537386 0.404781 0.537671 0.404389 0.537957 0.404781 0.537671 0.405564 0.538242 0.405172 0.538527 0.405564 0.538242 0.405956 0.538527 0.406348 0.538527 0.407915 0.539669 0.407524 0.539954 0.407524 0.540811 0.407915 0.541096 0.407915 0.542237 0.407524 0.542523 0.407524 0.543094 0.407132 0.543379 0.406348 0.543379 0.406740 0.543379 0.407132 0.543664 0.406740 0.543950 0.406740 0.544235 0.406348 0.544521 0.405956 0.544235 0.406348 0.544521 0.406348 0.544806 0.405956 0.545091 0.405956 0.545377 0.405564 0.545662 0.405564 0.545947 0.405172 0.546233 0.405172 0.546518 0.404781 0.546804 0.404781 0.547089 0.404389 0.547374 0.404389 0.547660 0.401646 0.549658 0.401254 0.549658 0.401254 0.549943 0.400862 0.550228 0.400078 0.550228 0.399687 0.550514 0.391850 0.550514 0.391458 0.550228 0.390282 0.550228 0.389107 0.549372 0.389107 0.548516 0.388323 0.547945 0.388323 0.547374 0.387931 0.547089 0.387931 0.546804 0.388323 0.546518 0.388323 0.545947 0.387931 0.545662 0.387539 0.545947 0.386755 0.545377 0.386755 0.545091 0.385972 0.544521 0.385972 0.541096 0.386364 0.540811 0.386364 0.540240 0.386755 0.539954 0.386755 0.539384 0.387147 0.539098 0.387147 0.538527 0.387931 0.537957 0.388323 0.538242 0.388323 0.537957 0.387931 0.537671 0.389107 0.536815 0.389498 0.537100 0.389890 0.537100 0.389498 0.537100 0.389107 0.536815 0.389498 0.536530 0.389890 0.536530 0.390674 0.535959 0.391066 0.536244 0.390674 0.535959 0.391066 0.535674 0.391458 0.535674 0.391850 0.535388
441 0.421630 0.526256 0.422022 0.525970 0.426724 0.525970 0.427116 0.526256 0.427900 0.526256 0.428292 0.526541 0.429467 0.526541 0.429859 0.526826 0.430251 0.526826 0.430643 0.527112 0.431034 0.527112 0.431818 0.527683 0.432210 0.527683 0.432602 0.527968 0.432602 0.528253 0.434561 0.529680 0.434561 0.529966 0.434953 0.530251 0.434953 0.530537 0.435345 0.530822 0.435345 0.531107 0.435737 0.531393 0.435737 0.531678 0.436129 0.531963 0.436129 0.533390 0.436520 0.533676 0.436520 0.534247 0.436912 0.534532 0.436912 0.535103 0.437304 0.535388 0.437304 0.537386 0.436912 0.537671 0.436912 0.537957 0.435737 0.538813 0.435737 0.539098 0.432210 0.541667 0.431818 0.541667 0.431034 0.542237 0.430643 0.542237 0.430251 0.542523 0.425549 0.542523 0.425157 0.542237 0.424373 0.542237 0.423589 0.541667 0.423197 0.541667 0.422806 0.541381 0.422806 0.541096 0.422414 0.540811 0.422414 0.540525 0.422022 0.540240 0.421630 0.540240 0.421238 0.539954 0.420846 0.539954 0.420455 0.540240 0.420063 0.540240 0.419671 0.540525 0.418495 0.540525 0.418103 0.540811 0.416928 0.540811 0.414577 0.539098 0.414185 0.539098 0.413793 0.538813 0.413401 0.538813 0.413009 0.538527 0.413401 0.538242 0.413401 0.537957 0.413009 0.538242 0.412618 0.537957 0.412618 0.537671 0.412226 0.537386 0.412226 0.536530 0.412618 0.536244 0.412618 0.535959 0.413009 0.535674 0.413401 0.535959 0.413401 0.536244 0.413401 0.535959 0.413009 0.535674 0.413009 0.534247 0.413401 0.533961 0.413401 0.532534 0.414185 0.531963 0.414185 0.531678 0.414577 0.531393 0.414577 0.531107 0.414969 0.530822 0.415361 0.531107 0.414969 0.530822 0.415361 0.530537 0.415361 0.530251 0.415752 0.529966 0.416144 0.529966 0.416144 0.529680 0.416928 0.529110 0.417320 0.529110 0.417712 0.528824 0.417712 0.528539 0.418103 0.528253 0.418103 0.527968 0.420063 0.526541 0.420455 0.526541 0.420846 0.526256
441 0.405172 0.520263 0.405564 0.519977 0.408699 0.519977 0.409091 0.520263 0.410266 0.520263 0.411050 0.520833 0.411442 0.520833 0.412226 0.521404 0.412618 0.521404 0.414577 0.522831 0.414577 0.523116 0.415361 0.523687 0.415361 0.523973 0.415752 0.524258 0.415752 0.526541 0.415361 0.526826 0.415361 0.527397 0.414969 0.527683 0.414969 0.527968 0.414577 0.528253 0.414577 0.528824 0.413793 0.529395 0.413793 0.529680 0.413009 0.530251 0.413009 0.530537 0.412618 0.530822 0.412226 0.530822 0.412226 0.531107 0.411050 0.531963 0.411050 0.533676 0.410658 0.533961 0.411050 0.534247 0.411050 0.534532 0.410658 0.534817 0.410658 0.535103 0.409875 0.535674 0.409875 0.536244 0.409483 0.536530 0.409091 0.536530 0.408699 0.536815 0.407524 0.536815 0.406740 0.536244 0.407132 0.535959 0.406740 0.536244 0.406348 0.535959 0.405956 0.535959 0.405564 0.535674 0.400862 0.535674 0.400470 0.535388 0.400862 0.535103 0.400470 0.535388 0.400078 0.535103 0.399687 0.535103 0.397335 0.533390 0.397727 0.533105 0.397727 0.532820 0.397727 0.533105 0.397335 0.533390 0.395376 0.531963 0.394984 0.531963 0.394592 0.531678 0.394592 0.531393 0.394201 0.531107 0.394592 0.530822 0.394592 0.530537 0.394592 0.530822 0.394201 0.531107 0.393417 0.530537 0.393417 0.530251 0.393025 0.529966 0.393025 0.529680 0.392633 0.529395 0.392633 0.527112 0.393025 0.526826 0.393025 0.526256 0.393809 0.525685 0.393809 0.525114 0.396552 0.523116 0.396944 0.523402 0.396552 0.523116 0.397335 0.522546 0.397727 0.522546 0.398119 0.522260 0.398511 0.522260 0.399295 0.521689 0.399687 0.521689 0.400078 0.521404 0.400470 0.521404 0.400862 0.521119 0.401254 0.521119 0.401646 0.520833 0.402821 0.520833 0.403213 0.520548 0.403605 0.520548 0.403997 0.520833 0.403997 0.520548 0.404389 0.520263
473 0.748041 0.494863 0.747649 0.495148 0.746082 0.495148 0.745690 0.495434 0.744122 0.495434 0.743730 0.495719 0.742947 0.495719 0.742555 0.496005 0.742163 0.496005 0.741771 0.496290 0.740987 0.496290 0.740596 0.496575 0.740204 0.496575 0.739812 0.496290 0.739812 0.496575 0.739420 0.496861 0.739028 0.496861 0.738636 0.497146 0.738245 0.497146 0.737853 0.497432 0.737461 0.497432 0.737069 0.497717 0.735893 0.497717 0.736285 0.498002 0.735893 0.498288 0.735502 0.498288 0.735110 0.498573 0.734718 0.498573 0.733934 0.499144 0.733542 0.499144 0.733150 0.499429 0.732759 0.499429 0.731975 0.500000 0.731583 0.500000 0.731191 0.500285 0.730799 0.500285 0.730408 0.500000 0.730799 0.500285 0.730016 0.500856 0.729624 0.500856 0.728840 0.501427 0.728448 0.501427 0.726881 0.502568 0.726489 0.502568 0.725705 0.503139 0.725313 0.503139 0.723746 0.504281 0.723354 0.504281 0.722571 0.504852 0.722179 0.504566 0.722571 0.504852 0.721395 0.505708 0.721003 0.505422 0.721395 0.505708 0.721003 0.505993 0.721003 0.506279 0.719828 0.507135 0.719828 0.507420 0.719044 0.507991 0.719044 0.508276 0.718652 0.508562 0.718652 0.508847 0.718260 0.509132 0.717868 0.508847 0.718260 0.509132 0.717868 0.509418 0.717868 0.509703 0.717476 0.509989 0.717476 0.510274 0.717085 0.510559 0.716693 0.510274 0.716693 0.509989 0.716693 0.510274 0.717085 0.510559 0.717085 0.510845 0.716693 0.511130 0.716693 0.511416 0.716301 0.511701 0.716301 0.511986 0.715517 0.512557 0.715517 0.512842 0.715125 0.513128 0.714734 0.512842 0.715125 0.513128 0.715125 0.513413 0.714734 0.513699 0.714734 0.514269 0.714342 0.514555 0.714342 0.514840 0.713950 0.515126 0.713950 0.515696 0.713558 0.515982 0.713558 0.516267 0.713166 0.516553 0.712774 0.516267 0.712774 0.515982 0.712774 0.516267 0.713166 0.516553 0.713166 0.517123 0.712774 0.517409 0.712774 0.517979 0.712382 0.518265 0.712382 0.519121 0.711991 0.519406 0.711991 0.520263 0.711599 0.520548 0.711599 0.521689 0.711207 0.521975 0.711207 0.523116 0.710815 0.523402 0.710815 0.524829 0.710423 0.525114 0.710031 0.524829 0.710031 0.524258 0.710031 0.524829 0.710423 0.525114 0.710423 0.530537 0.710815 0.530822 0.710815 0.531963 0.711207 0.532249 0.711207 0.533105 0.711599 0.533390 0.711599 0.533961 0.711207 0.534247 0.710815 0.533961 0.710815 0.533676 0.710815 0.534247 0.711207 0.534532 0.711599 0.534247 0.711991 0.534532 0.711991 0.534817 0.712382 0.535103 0.712382 0.535388 0.712774 0.535674 0.712774 0.536244 0.713166 0.536530 0.713166 0.536815 0.713558 0.537100 0.713558 0.537386 0.713950 0.537671 0.713950 0.537957 0.714342 0.538242 0.714342 0.538527 0.714734 0.538813 0.714734 0.539098 0.715125 0.539384 0.715125 0.539669 0.715909 0.540240 0.715909 0.540525 0.716693 0.541096 0.716693 0.541381 0.717868 0.542237 0.717868 0.542523 0.719044 0.543379 0.719044 0.543664 0.721003 0.545091 0.721003 0.545377 0.721395 0.545377 0.724530 0.547660 0.724922 0.547660 0.725705 0.548231 0.726097 0.548231 0.726489 0.548516 0.726881 0.548516 0.727273 0.548801 0.727273 0.549372 0.727665 0.549087 0.728056 0.549372 0.728840 0.549372 0.729624 0.549943 0.730016 0.549943 0.730408 0.550228 0.730799 0.550228 0.731191 0.550514 0.731583 0.550514 0.731975 0.550799 0.732367 0.550799 0.732759 0.551084 0.733150 0.551084 0.733542 0.551370 0.734718 0.551370 0.735110 0.551655 0.735502 0.551655 0.735893 0.551941 0.735893 0.552226 0.736285 0.552226 0.736677 0.551941 0.737069 0.552226 0.737853 0.552226 0.738245 0.552511 0.739420 0.552511 0.739812 0.552797 0.740204 0.552797 0.740596 0.553082 0.741771 0.553082 0.742163 0.553368 0.743730 0.553368 0.744122 0.553653 0.745690 0.553653 0.746082 0.553938 0.748041 0.553938 0.748433 0.554224 0.750392 0.554224 0.750784 0.554509 0.758229 0.554509 0.758621 0.554224 0.760188 0.554224 0.760580 0.553938 0.761755 0.553938 0.762147 0.553653 0.763323 0.553653 0.763715 0.553368 0.764107 0.553653 0.764498 0.553653 0.764498 0.553368 0.764890 0.553082 0.765282 0.553082 0.765674 0.552797 0.766458 0.552797 0.766850 0.552511 0.767241 0.552511 0.767633 0.552797 0.767241 0.552511 0.767633 0.552226 0.768025 0.552226 0.768417 0.551941 0.768809 0.552226 0.769201 0.552226 0.768809 0.551941 0.769201 0.551655 0.769592 0.551655 0.770376 0.551084 0.770768 0.551370 0.770768 0.551084 0.771160 0.550799 0.771552 0.550799 0.771944 0.550514 0.772335 0.550799 0.772727 0.550799 0.772335 0.550514 0.773119 0.549943 0.773511 0.549943 0.774295 0.549372 0.774687 0.549372 0.775862 0.548516 0.776254 0.548516 0.776646 0.548231 0.777038 0.548516 0.776646 0.548231 0.777429 0.547660 0.777821 0.547660 0.778213 0.547374 0.778605 0.547660 0.778213 0.547374 0.779781 0.546233 0.780172 0.546518 0.780172 0.546233 0.780564 0.545947 0.780956 0.546233 0.781348 0.546233 0.780956 0.546233 0.780564 0.545947 0.781740 0.545091 0.782132 0.545377 0.781740 0.545091 0.782915 0.544235 0.783307 0.544521 0.782915 0.544235 0.784875 0.542808 0.784875 0.542523 0.786050 0.541667 0.786442 0.541952 0.786442 0.541667 0.786050 0.541381 0.787226 0.540525 0.787618 0.540811 0.787618 0.540525 0.787226 0.540240 0.788009 0.539669 0.788401 0.539669 0.788009 0.539384 0.788401 0.539098 0.788401 0.538813 0.788793 0.538527 0.789185 0.538813 0.789577 0.538527 0.789577 0.538242 0.789185 0.537957 0.789185 0.537671 0.789577 0.537386 0.789577 0.537100 0.789969 0.536815 0.789969 0.536530 0.790361 0.536244 0.790361 0.535959 0.791144 0.535388 0.790752 0.535103 0.791144 0.534817 0.791144 0.534247 0.791536 0.533961 0.791928 0.534247 0.791928 0.534532 0.791928 0.534247 0.791536 0.533961 0.791536 0.533676 0.791928 0.533390 0.792320 0.533390 0.792320 0.533105 0.791928 0.532820 0.791928 0.532534 0.792320 0.532249 0.792320 0.531963 0.792712 0.531678 0.792712 0.530537 0.793103 0.530251 0.793103 0.529395 0.793495 0.529110 0.793887 0.529395 0.793887 0.529110 0.793495 0.528824 0.793495 0.528253 0.793887 0.527968 0.794279 0.528253 0.794279 0.527968 0.793887 0.527683 0.793887 0.527397 0.794279 0.527112 0.793887 0.526826 0.793887 0.526256 0.794279 0.525970 0.794279 0.522260 0.793887 0.521975 0.793887 0.520548 0.793495 0.520263 0.793495 0.519121 0.793103 0.518836 0.793103 0.518550 0.793495 0.518265 0.793103 0.518265 0.792712 0.517979 0.792712 0.517409 0.792320 0.517123 0.792320 0.516553 0.792712 0.516267 0.792712 0.515982 0.791928 0.515982 0.791536 0.515696 0.791536 0.515126 0.791144 0.514840 0.791144 0.514555 0.790752 0.514269 0.790752 0.513984 0.790361 0.513699 0.790361 0.513413 0.789577 0.512842 0.789577 0.512272 0.789185 0.511986 0.789577 0.511701 0.789577 0.511416 0.789185 0.511701 0.788793 0.511416 0.788793 0.511130 0.789185 0.510845 0.789185 0.510559 0.789185 0.510845 0.788793 0.511130 0.788401 0.510845 0.788401 0.510559 0.788009 0.510274 0.788009 0.509989 0.786442 0.508847 0.786442 0.508562 0.786050 0.508276 0.786050 0.507991 0.784875 0.507135 0.785266 0.506849 0.784875 0.507135 0.784091 0.506564 0.784091 0.506279 0.782132 0.504852 0.782132 0.504566 0.781740 0.504566 0.781348 0.504281 0.781348 0.503995 0.780956 0.503995 0.780172 0.503425 0.780172 0.503139 0.779781 0.503139 0.779389 0.502854 0.779389 0.502568 0.778997 0.502568 0.777821 0.501712 0.777429 0.501712 0.776646 0.501142 0.776254 0.501142 0.775470 0.500571 0.775078 0.500571 0.774687 0.500285 0.774295 0.500285 0.773903 0.500000 0.773511 0.500000 0.772727 0.499429 0.772727 0.499144 0.772335 0.499429 0.771944 0.499144 0.771160 0.499144 0.770768 0.498858 0.770768 0.498288 0.770768 0.498573 0.770376 0.498858 0.769984 0.498573 0.769592 0.498573 0.769201 0.498288 0.768809 0.498288 0.768417 0.498002 0.767633 0.498002 0.767241 0.497717 0.766458 0.497717 0.766066 0.497432 0.765282 0.497432 0.764890 0.497146 0.764498 0.497146 0.764107 0.496861 0.764498 0.496575 0.764107 0.496861 0.763323 0.496861 0.762931 0.496575 0.761755 0.496575 0.761364 0.496290 0.761364 0.496005 0.760972 0.496290 0.760580 0.496290 0.760188 0.496005 0.758621 0.496005 0.758229 0.495719 0.758229 0.495434 0.755486 0.495434 0.755094 0.495148 0.752351 0.495148 0.751959 0.494863
473 0.749608 0.529395 0.750000 0.529110 0.750392 0.529110 0.750784 0.529395 0.751176 0.529395 0.751567 0.529110 0.751959 0.529395 0.751959 0.530822 0.751567 0.531107 0.751567 0.531963 0.751176 0.532249 0.751176 0.533961 0.751567 0.534247 0.751567 0.535103 0.751959 0.535388 0.751959 0.535959 0.752351 0.536244 0.752351 0.538813 0.751959 0.539098 0.751959 0.539384 0.751567 0.539669 0.751176 0.539384 0.751567 0.539669 0.751176 0.539954 0.751176 0.540240 0.750784 0.540525 0.750784 0.540811 0.749216 0.541952 0.749216 0.542237 0.748824 0.542523 0.748433 0.542523 0.748041 0.542808 0.748041 0.543094 0.747649 0.543379 0.747257 0.543379 0.746473 0.543950 0.746082 0.543950 0.745690 0.544235 0.744122 0.544235 0.743730 0.543950 0.742947 0.543950 0.742163 0.543379 0.741771 0.543379 0.740987 0.542808 0.740596 0.542808 0.738636 0.541381 0.738245 0.541381 0.737069 0.540525 0.737069 0.540240 0.736677 0.540240 0.736285 0.539954 0.735893 0.539954 0.735502 0.539669 0.735893 0.539384 0.735502 0.539669 0.733934 0.538527 0.733934 0.538242 0.733150 0.537671 0.733150 0.537386 0.731583 0.536244 0.731583 0.533390 0.731975 0.533105 0.731975 0.532820 0.732367 0.532534 0.732367 0.531963 0.732759 0.531678 0.732759 0.531393 0.733542 0.530822 0.733934 0.530822 0.734326 0.530537 0.736285 0.530537 0.736677 0.530251 0.739812 0.530251 0.740204 0.529966 0.747649 0.529966 0.748433 0.529395
473 0.767633 0.525685 0.768025 0.525400 0.771552 0.525400 0.772335 0.525970 0.772727 0.525970 0.773511 0.526541 0.773511 0.526826 0.773903 0.527112 0.773903 0.527683 0.774295 0.527968 0.774295 0.528253 0.774687 0.528539 0.774687 0.528824 0.775078 0.529110 0.775078 0.530537 0.775470 0.530822 0.775470 0.531678 0.775862 0.531963 0.775862 0.533676 0.775470 0.533961 0.775470 0.534247 0.775078 0.534532 0.775078 0.534817 0.774295 0.535388 0.774295 0.535674 0.773903 0.535959 0.773903 0.536244 0.771552 0.537957 0.771160 0.537957 0.770768 0.538242 0.770376 0.538242 0.769984 0.537957 0.768809 0.537957 0.768417 0.537671 0.767633 0.537671 0.767241 0.537386 0.766066 0.537386 0.765674 0.537100 0.760972 0.537100 0.760188 0.536530 0.759796 0.536530 0.759404 0.536244 0.759404 0.535674 0.759013 0.535388 0.759013 0.535103 0.758621 0.534817 0.758621 0.534247 0.758229 0.533961 0.758229 0.532534 0.757837 0.532249 0.757837 0.531678 0.757445 0.531393 0.757445 0.530822 0.757053 0.530537 0.757053 0.530251 0.756661 0.529966 0.756661 0.529110 0.756270 0.528824 0.756661 0.528539 0.756661 0.527968 0.757053 0.527683 0.757445 0.527968 0.757053 0.527683 0.757445 0.527397 0.757837 0.527397 0.758229 0.527683 0.757837 0.527397 0.758229 0.527112 0.760580 0.527112 0.760972 0.526826 0.762539 0.526826 0.762931 0.526541 0.764498 0.526541 0.764890 0.526256 0.766066 0.526256 0.766458 0.526541 0.766850 0.526541 0.767241 0.526256 0.766850 0.525970 0.767241 0.525685
473 0.739420 0.510559 0.739812 0.510274 0.742555 0.510274 0.742947 0.510559 0.743339 0.510559 0.743730 0.510845 0.744514 0.510845 0.744906 0.511130 0.745298 0.511130 0.745690 0.511416 0.745690 0.511701 0.746082 0.511986 0.746082 0.512272 0.746473 0.512557 0.746473 0.512842 0.747257 0.513413 0.747257 0.513984 0.748041 0.514555 0.748041 0.515126 0.748433 0.515411 0.748433 0.515696 0.748824 0.515982 0.748824 0.517123 0.749216 0.517409 0.749216 0.519977 0.748824 0.520263 0.748824 0.520833 0.749216 0.521119 0.749216 0.521975 0.749608 0.522260 0.749216 0.522546 0.749608 0.522546 0.750392 0.523116 0.750392 0.523973 0.750000 0.524258 0.749608 0.523973 0.749608 0.523402 0.749608 0.523973 0.749216 0.524258 0.749216 0.524543 0.749608 0.524829 0.749216 0.525114 0.749216 0.525400 0.748433 0.525970 0.748041 0.525685 0.748433 0.525970 0.748041 0.526256 0.747257 0.526256 0.746473 0.526826 0.745298 0.526826 0.744906 0.526541 0.744906 0.526256 0.744514 0.525970 0.744514 0.526541 0.742947 0.527683 0.741379 0.527683 0.740987 0.527397 0.736285 0.527397 0.735893 0.527112 0.735110 0.527112 0.734718 0.526826 0.734326 0.526826 0.733934 0.526541 0.733542 0.526541 0.733150 0.526256 0.732759 0.526256 0.731975 0.525685 0.731975 0.525400 0.731583 0.525400 0.731191 0.525114 0.731191 0.524829 0.730799 0.524543 0.730799 0.524258 0.730408 0.523973 0.730408 0.523687 0.729624 0.523116 0.729624 0.522831 0.729232 0.522546 0.729232 0.522260 0.728840 0.521975 0.728840 0.521404 0.728448 0.521119 0.728448 0.520833 0.728056 0.520548 0.728056 0.519977 0.727665 0.519692 0.727665 0.518836 0.727273 0.518550 0.727273 0.517694 0.727665 0.517409 0.727665 0.517123 0.728056 0.516838 0.728056 0.516553 0.729624 0.515411 0.729624 0.515126 0.730799 0.514269 0.731191 0.514555 0.730799 0.514269 0.731191 0.513984 0.731191 0.513699 0.731583 0.513413 0.731975 0.513413 0.732759 0.512842 0.733150 0.513128 0.732759 0.512842 0.733542 0.512272 0.733934 0.512272 0.734718 0.511701 0.735502 0.511701 0.735893 0.511416 0.736285 0.511416 0.736677 0.511130 0.737461 0.511130 0.737853 0.510845 0.738245 0.510845 0.738636 0.511130 0.738245 0.510845 0.738636 0.510559 0.739028 0.510559 0.739420 0.510845
473 0.762539 0.508847 0.762931 0.508562 0.763715 0.508562 0.764107 0.508847 0.765282 0.508847 0.765674 0.509132 0.766066 0.509132 0.768025 0.510559 0.768025 0.510845 0.769201 0.511701 0.769201 0.511986 0.770376 0.512842 0.770376 0.513128 0.771160 0.513699 0.771160 0.513984 0.771552 0.514269 0.771552 0.514555 0.771944 0.514840 0.771944 0.515126 0.772335 0.515411 0.772335 0.517409 0.771944 0.517694 0.771944 0.519406 0.771552 0.519692 0.771160 0.519406 0.771552 0.519692 0.771552 0.519977 0.771160 0.520263 0.771160 0.520833 0.770768 0.521119 0.770768 0.521404 0.770376 0.521689 0.769984 0.521689 0.769201 0.522260 0.768809 0.522260 0.768417 0.521975 0.768025 0.521975 0.768417 0.521975 0.768809 0.522260 0.768417 0.522546 0.768025 0.522546 0.767633 0.522831 0.765674 0.522831 0.765282 0.523116 0.760972 0.523116 0.760580 0.523402 0.760188 0.523402 0.759796 0.523116 0.759404 0.523116 0.759796 0.523402 0.759404 0.523687 0.758621 0.523687 0.758229 0.523402 0.758621 0.523687 0.758229 0.523973 0.755486 0.523973 0.755094 0.523687 0.754702 0.523687 0.754310 0.523402 0.754310 0.522260 0.753918 0.521975 0.753918 0.521689 0.753527 0.521404 0.753527 0.519692 0.753135 0.519406 0.753135 0.512557 0.753527 0.512272 0.753918 0.512557 0.753918 0.512842 0.753918 0.512557 0.753527 0.512272 0.754310 0.511701 0.755094 0.511701 0.755878 0.511130 0.756661 0.511130 0.757053 0.510845 0.757445 0.510845 0.757837 0.510559 0.758229 0.510559 0.758621 0.510274 0.759013 0.510274 0.759404 0.509989 0.759796 0.509989 0.760188 0.509703 0.760580 0.509703 0.760972 0.509418 0.761364 0.509418 0.762147 0.508847
511 0.181818 0.466895 0.181426 0.467180 0.179859 0.467180 0.179467 0.467466 0.177508 0.467466 0.177116 0.467751 0.176724 0.467751 0.176332 0.468037 0.175157 0.468037 0.174765 0.468322 0.174373 0.468322 0.173981 0.468607 0.173197 0.468607 0.172806 0.468893 0.172022 0.468893 0.171630 0.469178 0.171238 0.469178 0.170846 0.469463 0.169671 0.469463 0.169279 0.469749 0.168887 0.469749 0.168495 0.470034 0.168103 0.470034 0.167712 0.470320 0.166928 0.470320 0.166536 0.470605 0.166144 0.470605 0.165752 0.470890 0.164969 0.470890 0.164577 0.471176 0.164185 0.471176 0.163793 0.471461 0.163009 0.471461 0.162618 0.471747 0.162226 0.471747 0.161834 0.472032 0.161442 0.472032 0.160658 0.472603 0.159875 0.472603 0.159483 0.472888 0.159091 0.472888 0.158307 0.473459 0.157915 0.473459 0.157524 0.473744 0.157132 0.473744 0.156348 0.474315 0.155956 0.474315 0.155956 0.474600 0.155564 0.474886 0.155172 0.474886 0.153997 0.475742 0.153605 0.475742 0.150470 0.478025 0.150470 0.478311 0.149687 0.478881 0.149687 0.479167 0.148903 0.479737 0.148903 0.480023 0.148119 0.480594 0.148119 0.480879 0.147727 0.481164 0.147727 0.481450 0.147335 0.481735 0.147335 0.482021 0.146552 0.482591 0.146552 0.483162 0.146160 0.483447 0.146160 0.484018 0.145768 0.484304 0.145768 0.484874 0.145376 0.485160 0.145376 0.485445 0.144984 0.485731 0.144984 0.486301 0.144592 0.486587 0.144592 0.487443 0.144201 0.487728 0.144201 0.489155 0.143809 0.489441 0.143809 0.490582 0.143417 0.490868 0.143417 0.491438 0.143025 0.491724 0.143025 0.492865 0.142633 0.493151 0.142633 0.494292 0.142241 0.494578 0.142241 0.495148 0.141850 0.495434 0.141458 0.495434 0.141850 0.495719 0.141850 0.499715 0.142241 0.500000 0.141850 0.500285 0.141850 0.500571 0.142241 0.500856 0.142241 0.501998 0.142633 0.502283 0.142633 0.503139 0.143025 0.503425 0.143025 0.504281 0.143417 0.504566 0.143417 0.504852 0.143809 0.505137 0.143809 0.505422 0.144201 0.505708 0.144201 0.506564 0.144592 0.506849 0.144592 0.507135 0.144984 0.507420 0.144984 0.507705 0.145376 0.507991 0.145376 0.508562 0.145768 0.508847 0.145768 0.509418 0.146160 0.509703 0.146160 0.509989 0.146552 0.510274 0.146552 0.510845 0.147335 0.511416 0.147335 0.511986 0.147727 0.512272 0.147727 0.512557 0.148119 0.512842 0.148119 0.513128 0.148903 0.513699 0.148903 0.513984 0.149295 0.514269 0.149295 0.514555 0.149687 0.514840 0.149687 0.515126 0.150078 0.515126 0.150470 0.515411 0.150470 0.515696 0.150862 0.515982 0.150862 0.516267 0.151254 0.516553 0.151254 0.516838 0.152038 0.517409 0.152038 0.517694 0.153997 0.519121 0.153997 0.519406 0.155956 0.520833 0.156348 0.520833 0.156740 0.521119 0.156740 0.521404 0.157132 0.521689 0.157524 0.521689 0.159483 0.523116 0.160266 0.523116 0.160658 0.523402 0.161050 0.523402 0.161834 0.523973 0.162226 0.523973 0.163009 0.524543 0.163009 0.525114 0.163009 0.524829 0.163401 0.524543 0.163793 0.524829 0.164577 0.524829 0.165361 0.525400 0.166144 0.525400 0.166536 0.525685 0.166928 0.525685 0.167320 0.525970 0.167712 0.525970 0.168103 0.526256 0.168887 0.526256 0.169279 0.526541 0.169671 0.526541 0.170063 0.526826 0.170846 0.526826 0.171238 0.527112 0.173197 0.527112 0.173589 0.527397 0.173981 0.527397 0.174373 0.527683 0.177900 0.527683 0.178292 0.527968 0.179075 0.527968 0.179467 0.528253 0.185345 0.528253 0.185737 0.527968 0.187696 0.527968 0.188088 0.527683 0.190047 0.527683 0.190439 0.527397 0.191223 0.527397 0.191614 0.527112 0.193182 0.527112 0.193574 0.526826 0.193966 0.527112 0.194749 0.526541 0.195925 0.526541 0.196317 0.526256 0.197100 0.526256 0.197492 0.525970 0.198276 0.525970 0.198668 0.525685 0.199060 0.525685 0.199451 0.525970 0.200235 0.525970 0.199843 0.525970 0.199451 0.525685 0.199843 0.525400 0.200235 0.525400 0.200627 0.525114 0.201411 0.525114 0.201803 0.524829 0.202586 0.524829 0.202978 0.524543 0.203370 0.524543 0.203762 0.524258 0.204545 0.524258 0.204937 0.523973 0.205329 0.523973 0.205721 0.523687 0.206113 0.523973 0.206505 0.523973 0.206505 0.523687 0.207288 0.523116 0.207680 0.523116 0.208072 0.523402 0.207680 0.523116 0.208464 0.522546 0.209639 0.522546 0.209639 0.522260 0.210031 0.521975 0.210423 0.522260 0.210031 0.521975 0.211207 0.521119 0.211599 0.521119 0.211991 0.520833 0.211991 0.520548 0.212382 0.520263 0.212774 0.520263 0.214734 0.518836 0.214734 0.518550 0.216693 0.517123 0.216693 0.516838 0.217085 0.516553 0.217476 0.516838 0.217476 0.516267 0.217868 0.515982 0.217868 0.515696 0.219044 0.514840 0.219044 0.514269 0.220219 0.513413 0.220219 0.512842 0.221395 0.511986 0.221787 0.511986 0.221395 0.511701 0.221395 0.511416 0.221787 0.511130 0.222179 0.511130 0.222179 0.510274 0.222571 0.509989 0.222571 0.509703 0.222962 0.509418 0.222962 0.509132 0.223354 0.508847 0.223746 0.508847 0.223746 0.507991 0.224138 0.507705 0.224138 0.507135 0.224922 0.506564 0.225313 0.506564 0.224922 0.506279 0.225313 0.505993 0.225313 0.504566 0.225705 0.504281 0.226097 0.504281 0.226097 0.503710 0.226489 0.503425 0.226489 0.502283 0.226881 0.501998 0.226881 0.500000 0.227273 0.499715 0.227273 0.497717 0.226881 0.497432 0.226881 0.494292 0.226489 0.494007 0.226489 0.493151 0.226881 0.492865 0.226881 0.492295 0.226881 0.492865 0.226489 0.493151 0.226097 0.492865 0.226097 0.491438 0.225705 0.491153 0.225705 0.490868 0.225313 0.490582 0.225313 0.488584 0.224922 0.488299 0.224922 0.487443 0.224530 0.487158 0.224530 0.486301 0.224138 0.486016 0.224138 0.484874 0.223746 0.484589 0.223746 0.484018 0.223354 0.483733 0.223354 0.483447 0.222962 0.483162 0.222962 0.482591 0.222179 0.482021 0.222179 0.481735 0.221787 0.481450 0.221787 0.481164 0.222179 0.480879 0.221787 0.481164 0.221395 0.480879 0.221395 0.480594 0.220611 0.480023 0.220611 0.479737 0.220219 0.479452 0.220219 0.479167 0.219044 0.478311 0.219044 0.478025 0.216693 0.476313 0.216693 0.476027 0.215909 0.475457 0.215909 0.475171 0.216301 0.474886 0.215125 0.474886 0.213558 0.473744 0.213166 0.473744 0.212774 0.473459 0.212774 0.473174 0.212382 0.473174 0.211991 0.472888 0.212382 0.472603 0.213166 0.472603 0.212382 0.472603 0.211991 0.472888 0.211599 0.472603 0.210815 0.472603 0.210031 0.472032 0.209639 0.472032 0.209248 0.471747 0.208856 0.471747 0.208464 0.471461 0.208072 0.471461 0.207680 0.471176 0.207288 0.471176 0.206897 0.470890 0.206505 0.470890 0.206113 0.470605 0.206505 0.470320 0.206113 0.470320 0.205721 0.470605 0.205329 0.470605 0.204937 0.470320 0.203762 0.470320 0.203370 0.470034 0.202978 0.470034 0.202586 0.469749 0.201803 0.469749 0.201411 0.469463 0.200627 0.469463 0.200235 0.469178 0.200235 0.468893 0.199843 0.469178 0.198668 0.469178 0.198276 0.468893 0.197492 0.468893 0.197100 0.468607 0.196317 0.468607 0.195925 0.468322 0.194357 0.468322 0.193966 0.468037 0.193182 0.468037 0.192790 0.467751 0.192006 0.467751 0.191614 0.467466 0.190047 0.467466 0.189655 0.467180 0.188088 0.467180 0.187696 0.466895
511 0.179075 0.499429 0.179467 0.499144 0.180643 0.499144 0.181034 0.499429 0.182602 0.499429 0.182994 0.499715 0.182994 0.500856 0.183386 0.501142 0.183386 0.501998 0.183777 0.502283 0.183777 0.504281 0.183386 0.504566 0.183386 0.505993 0.182994 0.506279 0.182994 0.507420 0.182602 0.507705 0.182602 0.512842 0.182210 0.513128 0.182210 0.513413 0.181426 0.513984 0.180643 0.513984 0.180251 0.514269 0.178683 0.514269 0.178292 0.514555 0.177116 0.514555 0.176724 0.514840 0.173589 0.514840 0.173197 0.515126 0.169279 0.515126 0.168103 0.514269 0.167712 0.514269 0.166536 0.513413 0.166536 0.513128 0.165752 0.512557 0.165752 0.512272 0.165361 0.511986 0.165361 0.511416 0.164969 0.511130 0.164969 0.510559 0.164577 0.510274 0.164577 0.509989 0.163793 0.509418 0.163793 0.509132 0.163401 0.508847 0.163401 0.508562 0.163009 0.508276 0.163009 0.507991 0.162618 0.507705 0.162618 0.507135 0.163009 0.506849 0.163009 0.506564 0.163401 0.506279 0.163793 0.506564 0.163401 0.506279 0.163401 0.505993 0.163793 0.505708 0.163793 0.505137 0.164185 0.504852 0.164185 0.504281 0.164577 0.503995 0.164577 0.503425 0.165361 0.502854 0.166144 0.502854 0.165752 0.502568 0.166536 0.501998 0.166928 0.501998 0.167320 0.502283 0.167320 0.501998 0.167712 0.501712 0.168103 0.501998 0.168495 0.501998 0.168103 0.501712 0.168495 0.501427 0.169671 0.501427 0.170063 0.501142 0.171238 0.501142 0.171630 0.500856 0.172806 0.500856 0.173197 0.500571 0.174765 0.500571 0.175157 0.500856 0.174765 0.500571 0.175157 0.500285 0.175940 0.500285 0.176332 0.500000 0.176724 0.500000 0.177116 0.499715 0.178292 0.499715 0.178683 0.499429 0.179075 0.499429 0.179467 0.499715 0.179859 0.499715 0.179467 0.499715
511 0.193966 0.497717 0.194357 0.497432 0.200235 0.497432 0.200627 0.497717 0.201803 0.497717 0.202586 0.498288 0.202978 0.498288 0.204545 0.499429 0.204545 0.499715 0.204937 0.500000 0.204937 0.500285 0.205329 0.500571 0.205329 0.501142 0.205721 0.501427 0.205721 0.501998 0.206113 0.502283 0.206113 0.503139 0.206505 0.503425 0.206505 0.507705 0.206113 0.507991 0.206113 0.510274 0.205721 0.510559 0.205721 0.511416 0.205329 0.511701 0.205329 0.511986 0.204545 0.512557 0.204545 0.512842 0.204154 0.513128 0.203762 0.513128 0.203370 0.513413 0.202194 0.513413 0.201803 0.513699 0.201019 0.513699 0.200627 0.513984 0.200235 0.513984 0.199843 0.514269 0.199451 0.514269 0.199060 0.514555 0.198668 0.514555 0.198276 0.514840 0.197100 0.514840 0.196708 0.515126 0.192398 0.515126 0.192006 0.514840 0.191223 0.514840 0.190831 0.514555 0.190439 0.514555 0.190047 0.514269 0.189655 0.514269 0.188088 0.513128 0.188088 0.512557 0.187696 0.512272 0.187696 0.507420 0.187304 0.507135 0.187304 0.503139 0.186912 0.502854 0.186912 0.500000 0.187304 0.499715 0.188480 0.499715 0.188871 0.500000 0.188480 0.500285 0.188480 0.500571 0.188871 0.500571 0.189263 0.500285 0.189655 0.500571 0.190047 0.500571 0.190439 0.500285 0.190439 0.499715 0.190831 0.499429 0.191223 0.499715 0.190831 0.499429 0.190831 0.498858 0.191223 0.498573 0.191614 0.498573 0.191223 0.498288 0.191614 0.498002 0.192790 0.498002 0.193182 0.497717
511 0.171630 0.479737 0.172022 0.479452 0.173197 0.479452 0.173589 0.479737 0.174373 0.479737 0.174765 0.480023 0.175940 0.480023 0.176332 0.480308 0.177116 0.480308 0.177508 0.480594 0.179075 0.480594 0.179467 0.480879 0.180251 0.480879 0.180643 0.481164 0.181426 0.481164 0.182602 0.482021 0.182210 0.482306 0.182602 0.482021 0.182994 0.482021 0.184169 0.482877 0.184169 0.483447 0.184561 0.483733 0.184561 0.484589 0.184953 0.484874 0.184953 0.486587 0.185345 0.486872 0.185345 0.492295 0.184953 0.492580 0.184953 0.493436 0.184561 0.493721 0.184561 0.494292 0.184169 0.494578 0.183777 0.494292 0.183777 0.494007 0.183386 0.494292 0.182994 0.494007 0.182602 0.494007 0.182210 0.493721 0.181818 0.493721 0.181818 0.494007 0.181034 0.494578 0.181034 0.495148 0.181426 0.495434 0.181426 0.496290 0.181818 0.496575 0.181818 0.496861 0.181426 0.497146 0.181034 0.496861 0.180643 0.497146 0.179859 0.497146 0.179467 0.496861 0.178683 0.496861 0.178292 0.497146 0.175940 0.497146 0.175549 0.497432 0.175157 0.497432 0.174765 0.497717 0.174373 0.497717 0.173981 0.498002 0.172022 0.498002 0.171630 0.498288 0.167320 0.498288 0.166928 0.498002 0.165752 0.498002 0.165361 0.497717 0.164969 0.497717 0.163401 0.496575 0.163401 0.496290 0.162618 0.495719 0.162618 0.495148 0.161834 0.494578 0.161834 0.494007 0.161442 0.493721 0.161442 0.493151 0.161050 0.492865 0.161050 0.492295 0.160658 0.492009 0.160658 0.490868 0.161050 0.490582 0.161050 0.488584 0.161442 0.488299 0.161442 0.487443 0.161834 0.487158 0.161834 0.485445 0.162226 0.485160 0.162226 0.484589 0.162618 0.484304 0.162618 0.484018 0.163009 0.483733 0.163009 0.483447 0.163401 0.483162 0.163401 0.482877 0.163793 0.482591 0.164185 0.482591 0.164577 0.482306 0.164577 0.482021 0.165361 0.481450 0.165752 0.481450 0.166144 0.481164 0.166536 0.481450 0.166928 0.481450 0.166536 0.481450 0.166144 0.481164 0.166536 0.480879 0.166928 0.480879 0.167320 0.480594 0.167712 0.480594 0.168103 0.480879 0.167712 0.480594 0.168103 0.480308 0.168495 0.480308 0.168887 0.480594 0.168887 0.480308 0.169279 0.480023 0.170063 0.480023 0.170455 0.479737
511 0.197100 0.478596 0.197492 0.478311 0.198668 0.478311 0.199060 0.478596 0.199451 0.478596 0.199843 0.478881 0.200235 0.478881 0.202978 0.480879 0.202978 0.481164 0.203370 0.481164 0.205721 0.482877 0.205721 0.483162 0.206113 0.483447 0.206113 0.483733 0.206897 0.484304 0.206897 0.484589 0.207288 0.484874 0.207288 0.485445 0.207680 0.485731 0.207680 0.486016 0.208072 0.486301 0.208072 0.487158 0.208464 0.487443 0.208464 0.491153 0.208072 0.491438 0.208072 0.491724 0.207680 0.492009 0.207680 0.492295 0.206113 0.493436 0.206113 0.493721 0.205721 0.494007 0.205329 0.494007 0.204545 0.494578 0.204154 0.494578 0.203762 0.494863 0.202978 0.494863 0.202586 0.495148 0.202194 0.495148 0.201803 0.495434 0.199843 0.495434 0.199451 0.495719 0.195533 0.495719 0.195141 0.496005 0.193966 0.496005 0.193574 0.496290 0.192006 0.496290 0.191614 0.496005 0.191614 0.495719 0.191223 0.495434 0.191223 0.494578 0.191614 0.494292 0.192006 0.494578 0.192006 0.494863 0.192006 0.494292 0.191614 0.494007 0.191223 0.494292 0.190831 0.494007 0.190439 0.494007 0.190047 0.493721 0.189655 0.493721 0.189655 0.494007 0.189263 0.494292 0.188871 0.494292 0.188480 0.494578 0.188088 0.494578 0.187696 0.494292 0.187696 0.493436 0.188088 0.493151 0.188088 0.492865 0.188480 0.492580 0.188480 0.492009 0.188871 0.491724 0.188871 0.491438 0.189263 0.491153 0.189263 0.490297 0.189655 0.490011 0.189655 0.488299 0.190047 0.488014 0.190047 0.483733 0.190439 0.483447 0.190439 0.483162 0.190831 0.482877 0.190831 0.482306 0.191223 0.482021 0.191223 0.481735 0.191614 0.481450 0.191614 0.481164 0.192006 0.480879 0.192006 0.480594 0.192398 0.480308 0.192790 0.480308 0.193574 0.479737 0.193966 0.479737 0.193966 0.479452 0.194357 0.479167 0.194749 0.479167 0.195141 0.478881 0.195533 0.478881 0.195925 0.478596
547 0.903213 0.433790 0.902821 0.434075 0.899687 0.434075 0.899295 0.434361 0.898119 0.434361 0.897727 0.434646 0.895768 0.434646 0.895376 0.434932 0.894984 0.434932 0.894592 0.435217 0.894201 0.435217 0.893809 0.435502 0.893417 0.435502 0.893025 0.435788 0.892633 0.435788 0.892241 0.436073 0.891850 0.436073 0.891458 0.436358 0.891066 0.436358 0.890674 0.436644 0.890282 0.436644 0.889498 0.437215 0.889107 0.437215 0.888715 0.437500 0.888323 0.437500 0.886755 0.438642 0.886364 0.438642 0.884404 0.440068 0.884013 0.440068 0.884013 0.440639 0.883621 0.440925 0.883229 0.440925 0.882445 0.441495 0.882053 0.441495 0.880878 0.442352 0.880878 0.442637 0.879702 0.443493 0.879702 0.443779 0.878527 0.444635 0.878527 0.444920 0.878135 0.445205 0.877743 0.445205 0.877743 0.445776 0.876567 0.446632 0.876567 0.447203 0.875784 0.447774 0.875784 0.448345 0.875392 0.448630 0.875392 0.448916 0.875000 0.449201 0.875000 0.449486 0.874608 0.449772 0.874608 0.450342 0.874216 0.450628 0.874216 0.451199 0.873824 0.451484 0.873824 0.451769 0.873433 0.452055 0.873433 0.454053 0.873041 0.454338 0.873041 0.455194 0.872649 0.455479 0.872649 0.458619 0.872257 0.458904 0.872257 0.460046 0.872649 0.460331 0.872649 0.460616 0.872257 0.460902 0.872649 0.461187 0.872257 0.461473 0.872649 0.461758 0.872649 0.464041 0.873041 0.464326 0.873041 0.466895 0.873433 0.467180 0.873433 0.467751 0.873824 0.468037 0.873824 0.468322 0.874216 0.468607 0.874216 0.469178 0.874608 0.469463 0.874608 0.470034 0.875000 0.470320 0.875000 0.470890 0.875784 0.471461 0.875784 0.471747 0.876176 0.472032 0.876176 0.472603 0.876567 0.472888 0.876567 0.473174 0.876959 0.473459 0.876959 0.473744 0.877351 0.473744 0.877743 0.474030 0.877743 0.474600 0.878135 0.474600 0.878527 0.474886 0.878527 0.475171 0.878918 0.475457 0.878918 0.475742 0.879702 0.476313 0.879702 0.476884 0.879310 0.477169 0.879310 0.477740 0.879310 0.477169 0.879702 0.476884 0.880486 0.476884 0.880878 0.477169 0.880878 0.478025 0.882837 0.479452 0.882837 0.479737 0.883229 0.479737 0.884013 0.480308 0.884013 0.480594 0.884404 0.480879 0.884796 0.480879 0.885188 0.481164 0.885188 0.481450 0.886364 0.482306 0.886755 0.482306 0.887931 0.483162 0.888323 0.483162 0.889107 0.483733 0.889890 0.483733 0.890282 0.484018 0.890282 0.484304 0.890674 0.484304 0.891066 0.484589 0.891458 0.484589 0.892241 0.485160 0.893025 0.485160 0.893417 0.485445 0.893809 0.485445 0.894201 0.485731 0.894592 0.485731 0.894984 0.486016 0.896160 0.486016 0.896552 0.486301 0.896944 0.486301 0.897335 0.486587 0.898511 0.486587 0.898903 0.486872 0.899295 0.486872 0.899687 0.487158 0.902429 0.487158 0.902821 0.487443 0.905564 0.487443 0.905956 0.487728 0.915752 0.487728 0.916144 0.487443 0.918495 0.487443 0.918887 0.487158 0.919279 0.487158 0.919671 0.486872 0.921238 0.486872 0.921630 0.486587 0.922022 0.486587 0.922414 0.486301 0.922806 0.486301 0.923197 0.486016 0.923981 0.486016 0.924373 0.485731 0.924765 0.486016 0.924765 0.485731 0.925940 0.484874 0.926332 0.484874 0.926724 0.484589 0.927116 0.484589 0.927508 0.484304 0.927508 0.484018 0.927900 0.483733 0.928683 0.483733 0.929859 0.482877 0.930251 0.482877 0.931034 0.482306 0.931426 0.482306 0.931818 0.482021 0.931818 0.481735 0.932210 0.481450 0.932602 0.481450 0.936520 0.478596 0.936520 0.478311 0.936912 0.478025 0.937304 0.478025 0.938088 0.477454 0.938088 0.477169 0.940047 0.475742 0.940047 0.475457 0.940439 0.475171 0.940831 0.475171 0.940831 0.474886 0.941223 0.474600 0.941223 0.474315 0.942006 0.473744 0.942006 0.473459 0.942398 0.473174 0.942398 0.472888 0.942790 0.472603 0.942790 0.472032 0.943182 0.471747 0.943182 0.471176 0.943574 0.470890 0.943574 0.470320 0.943966 0.470034 0.943966 0.469463 0.944357 0.469178 0.944357 0.468037 0.944749 0.467751 0.944749 0.461187 0.944357 0.460902 0.944357 0.456050 0.943966 0.455765 0.943966 0.454338 0.943574 0.454053 0.943574 0.452626 0.943182 0.452340 0.943182 0.451484 0.942790 0.451199 0.942790 0.450913 0.942398 0.450628 0.942398 0.449772 0.942006 0.449486 0.942006 0.449201 0.941223 0.448630 0.941223 0.448345 0.940831 0.448059 0.940831 0.447774 0.940047 0.447203 0.940047 0.446632 0.938480 0.445491 0.938480 0.445205 0.937696 0.444635 0.937696 0.444349 0.937304 0.444349 0.936912 0.444064 0.936912 0.443779 0.935345 0.442637 0.935345 0.442352 0.934561 0.441781 0.934169 0.441781 0.933777 0.441495 0.933777 0.440639 0.932602 0.440639 0.932210 0.440354 0.932210 0.440068 0.931426 0.439498 0.931034 0.439498 0.930251 0.438927 0.930643 0.438642 0.930251 0.438927 0.929467 0.438356 0.929075 0.438356 0.928292 0.437785 0.927900 0.437785 0.927116 0.437215 0.926724 0.437215 0.926332 0.436929 0.925940 0.436929 0.925549 0.436644 0.925157 0.436644 0.924765 0.436358 0.924373 0.436358 0.923981 0.436073 0.923197 0.436073 0.922806 0.435788 0.922414 0.435788 0.922022 0.435502 0.920846 0.435502 0.920455 0.435217 0.919671 0.435217 0.919279 0.434932 0.918103 0.434932 0.917712 0.434646 0.916536 0.434646 0.916144 0.434361 0.913009 0.434361 0.912618 0.434075 0.905172 0.434075 0.904781 0.433790
547 0.904781 0.463756 0.905172 0.463470 0.905956 0.463470 0.906348 0.463756 0.905956 0.464041 0.906348 0.463756 0.906740 0.464041 0.906740 0.464897 0.907132 0.465183 0.907132 0.465468 0.907524 0.465753 0.907524 0.466324 0.907915 0.466610 0.907915 0.466895 0.908699 0.467466 0.908699 0.467751 0.909091 0.468037 0.909483 0.468037 0.910266 0.468607 0.910266 0.468893 0.911050 0.469463 0.911050 0.470034 0.911442 0.470320 0.911442 0.470890 0.911834 0.471176 0.911834 0.472888 0.911442 0.473174 0.911442 0.473744 0.911050 0.474030 0.911050 0.474600 0.909875 0.475457 0.909875 0.475742 0.909091 0.476313 0.909091 0.476598 0.908307 0.477169 0.907915 0.477169 0.907524 0.477454 0.907132 0.477454 0.906740 0.477740 0.905956 0.477740 0.905564 0.477454 0.905172 0.477740 0.903997 0.477740 0.903605 0.477454 0.900862 0.477454 0.900470 0.477169 0.898119 0.477169 0.895376 0.475171 0.895376 0.474886 0.894201 0.474030 0.894201 0.473744 0.894592 0.473459 0.894201 0.473744 0.893809 0.473459 0.893809 0.472888 0.893417 0.472603 0.893417 0.472032 0.893025 0.471747 0.893025 0.471176 0.892633 0.470890 0.892633 0.470320 0.893025 0.470034 0.892633 0.469749 0.892633 0.469463 0.893025 0.469178 0.892633 0.468893 0.893025 0.468607 0.893025 0.467466 0.892633 0.467180 0.892633 0.466610 0.893025 0.466324 0.893025 0.466039 0.894201 0.465183 0.894592 0.465183 0.895376 0.464612 0.895768 0.464612 0.896160 0.464326 0.898119 0.464326 0.898511 0.464612 0.900862 0.464612 0.901254 0.464326 0.902038 0.464326 0.902429 0.464041 0.903213 0.464041 0.903605 0.463756
547 0.923589 0.457763 0.923981 0.457477 0.925549 0.457477 0.925940 0.457763 0.926332 0.457763 0.926724 0.458048 0.927116 0.458048 0.927508 0.458333 0.927900 0.458333 0.928292 0.458619 0.928683 0.458619 0.929075 0.458904 0.929467 0.458904 0.930251 0.459475 0.930643 0.459475 0.931034 0.459760 0.931426 0.459760 0.932210 0.460331 0.932602 0.460331 0.933777 0.461187 0.933777 0.461473 0.934561 0.462043 0.934561 0.463185 0.934169 0.463470 0.934169 0.464041 0.933777 0.464326 0.933777 0.464612 0.933386 0.464897 0.933386 0.465183 0.932994 0.465468 0.932994 0.465753 0.932602 0.466039 0.932602 0.468037 0.932210 0.468322 0.932210 0.468893 0.931818 0.469178 0.931426 0.468893 0.931818 0.469178 0.931818 0.469463 0.931426 0.469749 0.931426 0.470034 0.927116 0.473174 0.926724 0.473174 0.926332 0.473459 0.925940 0.473459 0.925549 0.473744 0.924765 0.473744 0.924373 0.474030 0.923197 0.474030 0.922806 0.473744 0.921630 0.473744 0.921238 0.473459 0.920063 0.473459 0.919671 0.473174 0.918495 0.473174 0.916928 0.472032 0.916928 0.471747 0.916536 0.471461 0.916536 0.470890 0.916144 0.470605 0.916144 0.470320 0.915752 0.470034 0.915752 0.469749 0.915361 0.469463 0.915361 0.469178 0.914969 0.468893 0.915361 0.468607 0.914969 0.468607 0.914577 0.468322 0.914577 0.468037 0.913401 0.467180 0.913401 0.466895 0.911834 0.465753 0.911834 0.465468 0.910658 0.464612 0.910658 0.463470 0.910266 0.463185 0.910266 0.461758 0.910658 0.461473 0.911442 0.461473 0.911834 0.461187 0.912226 0.461187 0.912618 0.460902 0.913401 0.460902 0.913793 0.460616 0.914185 0.460616 0.914577 0.460902 0.914969 0.460902 0.914577 0.460616 0.914969 0.460331 0.915361 0.460331 0.915752 0.460046 0.916144 0.460046 0.916536 0.459760 0.917320 0.459760 0.917712 0.459475 0.918103 0.459475 0.918495 0.459189 0.918887 0.459189 0.919671 0.458619 0.920455 0.458619 0.920846 0.458333 0.921238 0.458333 0.921630 0.458048 0.922022 0.458048 0.922414 0.457763
547 0.894201 0.448345 0.894592 0.448059 0.898511 0.448059 0.898903 0.448345 0.899687 0.448345 0.900078 0.448630 0.900470 0.448630 0.901646 0.449486 0.901646 0.449772 0.902038 0.450057 0.902038 0.450342 0.902821 0.450913 0.902821 0.451484 0.903213 0.451769 0.903213 0.452340 0.903605 0.452626 0.903605 0.453196 0.903997 0.453482 0.903997 0.453767 0.903605 0.454053 0.903997 0.454338 0.903997 0.455765 0.904389 0.456050 0.904389 0.457763 0.904781 0.458048 0.904781 0.458333 0.904389 0.458619 0.904781 0.458619 0.905172 0.458904 0.905172 0.459189 0.904781 0.459475 0.904781 0.459760 0.904389 0.460046 0.904389 0.460331 0.903997 0.460616 0.903997 0.460902 0.903605 0.461187 0.903213 0.460902 0.903605 0.461187 0.903605 0.461758 0.903213 0.462043 0.894984 0.462043 0.894592 0.462329 0.892241 0.462329 0.891850 0.462614 0.890282 0.462614 0.889890 0.462329 0.889498 0.462329 0.889107 0.462043 0.888715 0.462043 0.888323 0.461758 0.888323 0.461473 0.886755 0.460331 0.886755 0.459760 0.886364 0.459475 0.886364 0.458904 0.885972 0.458619 0.885972 0.457477 0.886364 0.457192 0.886364 0.456621 0.886755 0.456336 0.886755 0.454623 0.887147 0.454338 0.887147 0.453196 0.887539 0.452911 0.887539 0.452626 0.887931 0.452340 0.887931 0.452055 0.889890 0.450628 0.889890 0.450342 0.890282 0.450057 0.890674 0.450057 0.890674 0.449772 0.891066 0.449486 0.891458 0.449486 0.892633 0.448630 0.893025 0.448630 0.893417 0.448345
547 0.911050 0.442922 0.911442 0.442637 0.916144 0.442637 0.916536 0.442922 0.916928 0.442922 0.917320 0.443208 0.917712 0.443208 0.918495 0.443779 0.918887 0.443779 0.919671 0.444349 0.920063 0.444349 0.920846 0.444920 0.921238 0.444920 0.923197 0.446347 0.923589 0.446347 0.923981 0.446632 0.923981 0.446918 0.924765 0.447489 0.924765 0.447774 0.925157 0.448059 0.925157 0.448345 0.925549 0.448630 0.925549 0.448916 0.925940 0.449201 0.925940 0.449772 0.926332 0.450057 0.926332 0.451199 0.925940 0.451484 0.925940 0.452055 0.925549 0.452340 0.925549 0.452911 0.925157 0.453196 0.925157 0.453482 0.924765 0.453767 0.924765 0.454053 0.924373 0.454338 0.923981 0.454338 0.923589 0.454623 0.923197 0.454338 0.923589 0.454623 0.922806 0.455194 0.922414 0.455194 0.922022 0.455479 0.921630 0.455479 0.921238 0.455765 0.920846 0.455765 0.920455 0.456050 0.920063 0.456050 0.919279 0.456621 0.918887 0.456621 0.918495 0.456906 0.918103 0.456906 0.917320 0.457477 0.916928 0.457477 0.916536 0.457763 0.916144 0.457763 0.915752 0.458048 0.915361 0.458048 0.914969 0.458333 0.912226 0.458333 0.911834 0.458619 0.911050 0.458619 0.910658 0.458904 0.910266 0.458904 0.909875 0.459189 0.909483 0.458904 0.908307 0.458904 0.907524 0.458333 0.907524 0.456621 0.907915 0.456336 0.907915 0.454338 0.907524 0.454053 0.907524 0.452626 0.907132 0.452340 0.907132 0.451484 0.906740 0.451199 0.906740 0.450628 0.906348 0.450342 0.906348 0.450057 0.905956 0.449772 0.905956 0.449201 0.905564 0.448916 0.905564 0.447203 0.905956 0.446918 0.905956 0.446632 0.906740 0.446062 0.906740 0.445776 0.908699 0.444349 0.908699 0.444064 0.909091 0.443779 0.909483 0.443779 0.910658 0.442922
566 0.574843 0.409817 0.574451 0.410103 0.572100 0.410103 0.571708 0.410388 0.569749 0.410388 0.569357 0.410674 0.568574 0.410674 0.568182 0.410959 0.566614 0.410959 0.566223 0.411244 0.565831 0.411244 0.565439 0.411530 0.564263 0.411530 0.563871 0.411815 0.563088 0.411815 0.562696 0.412100 0.562304 0.412100 0.561912 0.412386 0.561129 0.412386 0.560737 0.412671 0.559953 0.412671 0.559169 0.413242 0.558386 0.413242 0.557210 0.414098 0.556426 0.414098 0.555251 0.414954 0.554859 0.414954 0.554859 0.415240 0.554467 0.415525 0.553683 0.415525 0.553683 0.415811 0.552900 0.416381 0.552508 0.416381 0.551332 0.417237 0.550940 0.417237 0.550157 0.417808 0.549765 0.417808 0.549765 0.418094 0.548981 0.418664 0.548589 0.418664 0.545846 0.420662 0.545455 0.420662 0.545455 0.421233 0.544671 0.421804 0.544279 0.421804 0.543887 0.422089 0.543887 0.422374 0.542320 0.423516 0.542320 0.424087 0.541144 0.424943 0.541144 0.425228 0.540752 0.425514 0.540752 0.425799 0.540361 0.426084 0.540361 0.426655 0.539969 0.426941 0.539185 0.426941 0.539185 0.428368 0.538401 0.428938 0.538401 0.429224 0.538009 0.429509 0.538009 0.430080 0.537618 0.430365 0.537618 0.430936 0.536834 0.431507 0.536834 0.432363 0.536442 0.432648 0.536442 0.433505 0.536050 0.433790 0.536050 0.434932 0.535658 0.435217 0.535658 0.435788 0.535266 0.436073 0.535266 0.438071 0.534875 0.438356 0.534875 0.442637 0.535266 0.442922 0.535266 0.444920 0.535658 0.445205 0.535658 0.447203 0.536050 0.447489 0.536050 0.448630 0.536442 0.448916 0.536442 0.449486 0.536834 0.449772 0.536834 0.450057 0.537226 0.450342 0.537226 0.450913 0.538009 0.451484 0.538009 0.451769 0.538401 0.451769 0.539185 0.452340 0.539185 0.453196 0.539969 0.453196 0.540361 0.453482 0.540361 0.453767 0.540752 0.454053 0.540361 0.454338 0.540361 0.454909 0.540752 0.455194 0.540752 0.455765 0.541144 0.456050 0.541144 0.456336 0.541536 0.456336 0.541928 0.456621 0.541928 0.456906 0.542320 0.457192 0.542320 0.457477 0.543103 0.458048 0.543103 0.458333 0.543495 0.458619 0.543887 0.458619 0.544279 0.458904 0.544279 0.459189 0.545455 0.460046 0.545455 0.461473 0.545455 0.461187 0.545846 0.460902 0.546630 0.460902 0.547022 0.461187 0.547022 0.461758 0.547414 0.461758 0.547806 0.462043 0.548197 0.462043 0.548589 0.462329 0.548589 0.462614 0.549373 0.463185 0.549765 0.463185 0.550157 0.463470 0.550157 0.463756 0.550940 0.463756 0.551724 0.464326 0.551724 0.464897 0.552116 0.464612 0.552508 0.464612 0.553292 0.465183 0.553683 0.465183 0.554075 0.465468 0.554859 0.465468 0.555251 0.465753 0.555643 0.465753 0.556034 0.466039 0.556818 0.466039 0.557210 0.466324 0.557602 0.466324 0.557994 0.466610 0.557994 0.466895 0.558386 0.466895 0.558777 0.466610 0.559561 0.466610 0.559953 0.466895 0.559953 0.467466 0.560345 0.467466 0.560737 0.467751 0.561912 0.467751 0.562304 0.468037 0.562696 0.468037 0.563088 0.468322 0.563871 0.468322 0.564263 0.468607 0.564655 0.468607 0.565047 0.468322 0.565831 0.468322 0.566614 0.468893 0.567790 0.468893 0.568182 0.469178 0.570141 0.469178 0.570533 0.469463 0.576803 0.469463 0.577194 0.469178 0.582680 0.469178 0.582680 0.468893 0.583072 0.468607 0.583856 0.468607 0.584248 0.468322 0.585031 0.468322 0.585423 0.468037 0.585815 0.468037 0.586207 0.467751 0.588950 0.467751 0.588950 0.467466 0.589342 0.467180 0.589734 0.467180 0.590125 0.466895 0.590517 0.466895 0.590517 0.466610 0.591301 0.466039 0.592476 0.466039 0.592868 0.465753 0.593260 0.465753 0.593260 0.465468 0.593652 0.465183 0.594044 0.465468 0.594436 0.465468 0.594828 0.465183 0.595219 0.465468 0.594828 0.465183 0.595219 0.464897 0.595219 0.464612 0.596395 0.463756 0.596787 0.463756 0.596787 0.463470 0.597179 0.463185 0.597962 0.463185 0.598354 0.462900 0.598746 0.462900 0.599138 0.462614 0.599138 0.462329 0.599922 0.461758 0.600705 0.461758 0.601097 0.461473 0.601489 0.461473 0.601489 0.461187 0.601881 0.460902 0.602665 0.460902 0.602665 0.460616 0.604232 0.459475 0.604624 0.459475 0.605408 0.458904 0.605408 0.458619 0.606975 0.457477 0.606975 0.457192 0.607367 0.456906 0.607759 0.456906 0.607759 0.455765 0.608150 0.455479 0.608542 0.455479 0.608542 0.455194 0.608934 0.454909 0.608934 0.454338 0.609326 0.454053 0.609718 0.454053 0.609718 0.453482 0.610110 0.453196 0.610110 0.452626 0.610502 0.452340 0.610502 0.452055 0.610893 0.451769 0.610893 0.451484 0.611285 0.451199 0.611285 0.450913 0.611677 0.450628 0.611677 0.449772 0.612069 0.449486 0.612069 0.449201 0.612461 0.448916 0.612461 0.448059 0.612853 0.447774 0.612853 0.447203 0.613245 0.446918 0.613245 0.446632 0.613636 0.446347 0.613636 0.446062 0.614028 0.445776 0.614028 0.442922 0.614420 0.442637 0.614812 0.442637 0.614812 0.438356 0.614420 0.438071 0.614420 0.436073 0.614028 0.435788 0.614028 0.430365 0.612853 0.429509 0.612853 0.428368 0.612461 0.428082 0.612461 0.427511 0.612069 0.427226 0.612069 0.426370 0.611677 0.426084 0.611677 0.425799 0.611285 0.425514 0.611285 0.425228 0.610502 0.424658 0.610502 0.423801 0.609718 0.423231 0.609718 0.422660 0.608934 0.422089 0.608934 0.421518 0.608542 0.421233 0.608542 0.420947 0.608150 0.420947 0.607759 0.420662 0.607759 0.420091 0.607367 0.420091 0.606975 0.419806 0.606975 0.419521 0.605408 0.418379 0.605408 0.418094 0.604624 0.417523 0.604232 0.417523 0.602273 0.416096 0.601881 0.416096 0.601489 0.415811 0.601489 0.415240 0.600705 0.415240 0.600313 0.414954 0.599922 0.414954 0.599530 0.414669 0.599530 0.414384 0.599138 0.414098 0.598354 0.414098 0.597962 0.413813 0.597571 0.413813 0.596787 0.413242 0.595611 0.413242 0.595219 0.412957 0.595219 0.412671 0.594044 0.412671 0.592868 0.411815 0.592476 0.411815 0.592085 0.411530 0.591301 0.411530 0.590517 0.410959 0.589342 0.410959 0.588950 0.410674 0.587382 0.410674 0.586991 0.410388 0.585423 0.410388 0.585031 0.410103 0.583072 0.410103 0.582680 0.409817
566 0.576803 0.442637 0.577194 0.442637 0.577978 0.443208 0.577978 0.443493 0.578370 0.443779 0.578762 0.443779 0.579937 0.444635 0.580721 0.444635 0.581113 0.444920 0.581505 0.444920 0.582288 0.445491 0.582680 0.445491 0.583856 0.446347 0.584639 0.446347 0.585423 0.446918 0.585815 0.446918 0.586207 0.447203 0.586599 0.447203 0.586991 0.447489 0.587382 0.447489 0.587774 0.447774 0.588166 0.447774 0.588558 0.448059 0.588950 0.448059 0.589342 0.448345 0.589342 0.448630 0.589734 0.448345 0.592476 0.450342 0.592476 0.450628 0.592868 0.450913 0.592868 0.451199 0.593260 0.451484 0.593260 0.452340 0.593652 0.452626 0.593652 0.453482 0.593260 0.453767 0.593260 0.454053 0.592868 0.454338 0.593260 0.454623 0.593260 0.454909 0.592868 0.455194 0.592868 0.455765 0.592476 0.456050 0.592476 0.456336 0.591693 0.456906 0.591693 0.457192 0.590517 0.458048 0.590125 0.458048 0.589734 0.458333 0.589342 0.458048 0.589734 0.458333 0.588950 0.458904 0.588558 0.458904 0.588166 0.459189 0.587774 0.459189 0.586991 0.459760 0.586599 0.459760 0.585815 0.460331 0.585031 0.460331 0.584639 0.460616 0.583464 0.460616 0.583072 0.460331 0.582680 0.460616 0.581113 0.460616 0.580721 0.460331 0.576803 0.460331 0.576411 0.460616 0.575235 0.460616 0.574843 0.460331 0.574060 0.460331 0.573276 0.459760 0.573276 0.459475 0.572884 0.459760 0.572100 0.459189 0.572492 0.458904 0.572100 0.459189 0.571708 0.458904 0.571317 0.458904 0.570925 0.458619 0.570925 0.458333 0.569749 0.457477 0.570141 0.457192 0.569749 0.457192 0.569357 0.456906 0.569749 0.456621 0.568966 0.456621 0.568182 0.456050 0.568182 0.455765 0.567790 0.455479 0.567790 0.455194 0.567006 0.454623 0.567006 0.454338 0.566614 0.454053 0.566614 0.453482 0.566223 0.453196 0.566223 0.451769 0.566614 0.451484 0.566614 0.450913 0.567790 0.450057 0.567790 0.449772 0.568182 0.449486 0.568574 0.449486 0.570925 0.447774 0.570925 0.447489 0.571317 0.447203 0.571708 0.447203 0.572100 0.446918 0.572492 0.447203 0.572100 0.446918 0.572492 0.446632 0.572492 0.446347 0.572884 0.446062 0.573276 0.446062 0.574843 0.444920 0.574843 0.444635 0.575235 0.444349 0.575235 0.444064 0.575627 0.443779 0.575627 0.443493
566 0.558386 0.434075 0.558777 0.433790 0.560737 0.433790 0.561129 0.434075 0.562696 0.434075 0.563088 0.434361 0.563871 0.434361 0.564263 0.434646 0.565047 0.434646 0.565439 0.434932 0.565831 0.434932 0.566614 0.435502 0.567006 0.435502 0.567398 0.435788 0.568182 0.435788 0.568574 0.436073 0.568966 0.436073 0.569357 0.436358 0.569749 0.436358 0.570141 0.436644 0.570533 0.436644 0.571317 0.437215 0.571708 0.437215 0.572492 0.437785 0.572492 0.438071 0.573276 0.438642 0.573276 0.438927 0.573668 0.439212 0.573668 0.439783 0.574060 0.440068 0.573668 0.440354 0.573276 0.440354 0.574060 0.440354 0.574451 0.440639 0.573668 0.441210 0.573668 0.441495 0.572884 0.442066 0.572884 0.442352 0.572100 0.442922 0.572100 0.443208 0.571708 0.443493 0.571708 0.443779 0.570925 0.444349 0.570925 0.444635 0.570533 0.444920 0.570533 0.445205 0.569749 0.445776 0.569749 0.446062 0.567790 0.447489 0.567398 0.447489 0.567398 0.448059 0.567006 0.448345 0.566614 0.448345 0.565831 0.448916 0.565439 0.448916 0.565047 0.449201 0.564655 0.449201 0.564263 0.448916 0.564655 0.449201 0.564263 0.449486 0.563480 0.449486 0.563088 0.449772 0.561129 0.449772 0.560737 0.450057 0.556034 0.450057 0.555643 0.449772 0.554467 0.449772 0.552116 0.448059 0.552508 0.447774 0.552116 0.448059 0.551332 0.447489 0.551332 0.446918 0.550940 0.446632 0.550940 0.446347 0.550549 0.446062 0.550549 0.445776 0.550157 0.445491 0.550157 0.445205 0.549765 0.444920 0.549765 0.443779 0.549373 0.443493 0.549373 0.441495 0.548981 0.441210 0.548981 0.438356 0.549373 0.438071 0.549373 0.437785 0.549765 0.437500 0.549765 0.437215 0.550940 0.436358 0.550940 0.436073 0.551332 0.435788 0.551724 0.435788 0.552116 0.435502 0.552508 0.435502 0.552900 0.435788 0.552508 0.435502 0.552900 0.435217 0.553292 0.435217 0.554075 0.434646 0.554467 0.434646 0.554859 0.434361 0.556034 0.434361 0.556426 0.434075
566 0.596003 0.430651 0.596395 0.430365 0.597571 0.430365 0.597962 0.430651 0.598354 0.430365 0.600705 0.430365 0.601881 0.431221 0.602273 0.431221 0.602665 0.431507 0.602665 0.431792 0.603448 0.432363 0.603448 0.432648 0.603056 0.432934 0.603448 0.432648 0.603840 0.432934 0.603840 0.433505 0.604232 0.433790 0.604232 0.435217 0.603840 0.435502 0.603840 0.436358 0.603448 0.436644 0.603448 0.437215 0.603056 0.437500 0.603056 0.438071 0.602665 0.438356 0.602273 0.438071 0.602273 0.437785 0.602273 0.438071 0.602665 0.438356 0.602665 0.440354 0.603056 0.440639 0.603056 0.441210 0.603448 0.441495 0.603448 0.444064 0.603056 0.444349 0.603056 0.444635 0.601881 0.445491 0.601881 0.445776 0.600705 0.446632 0.599530 0.446632 0.599138 0.446918 0.595611 0.446918 0.595219 0.446632 0.594044 0.446632 0.593652 0.446347 0.593260 0.446347 0.592868 0.446062 0.592476 0.446062 0.592085 0.445776 0.591693 0.445776 0.591301 0.445491 0.590125 0.445491 0.589734 0.445205 0.586991 0.445205 0.586599 0.444920 0.585423 0.444920 0.584639 0.444349 0.584248 0.444349 0.583856 0.444064 0.583464 0.444064 0.581505 0.442637 0.581505 0.442352 0.581113 0.442066 0.581113 0.441781 0.580721 0.441495 0.580721 0.440639 0.581113 0.440354 0.580721 0.440068 0.580721 0.439498 0.581505 0.438927 0.581505 0.438642 0.582288 0.438071 0.582680 0.438071 0.582288 0.437785 0.582680 0.437500 0.582680 0.436929 0.584248 0.435788 0.584248 0.435502 0.584639 0.435217 0.585031 0.435217 0.585815 0.434646 0.586207 0.434646 0.587774 0.433505 0.588166 0.433505 0.589734 0.432363 0.590125 0.432363 0.590517 0.432078 0.590909 0.432078 0.591301 0.431792 0.591693 0.431792 0.592476 0.431221 0.593260 0.431221 0.593652 0.430936 0.594828 0.430936 0.595219 0.430651
566 0.572492 0.420091 0.572884 0.419806 0.576411 0.419806 0.576803 0.420091 0.578762 0.420091 0.579154 0.420377 0.579545 0.420377 0.579937 0.420662 0.580329 0.420662 0.581505 0.421518 0.581897 0.421518 0.582288 0.421804 0.582680 0.421804 0.583072 0.422089 0.583464 0.422089 0.584248 0.422660 0.584639 0.422660 0.585423 0.423231 0.585815 0.423231 0.586599 0.423801 0.586599 0.424087 0.587382 0.424658 0.587382 0.425514 0.587774 0.425799 0.587774 0.429224 0.587382 0.429509 0.587382 0.430080 0.586991 0.430365 0.586991 0.430651 0.586599 0.430936 0.586599 0.431221 0.585423 0.432078 0.585423 0.432363 0.584248 0.433219 0.584248 0.433505 0.583856 0.433790 0.583464 0.433790 0.582680 0.434361 0.582680 0.434646 0.580329 0.436358 0.579937 0.436358 0.579937 0.436644 0.579154 0.437215 0.578762 0.437215 0.577978 0.437785 0.577978 0.438071 0.577586 0.438356 0.576411 0.437500 0.576411 0.437215 0.576019 0.436929 0.575627 0.436929 0.573668 0.435502 0.573276 0.435502 0.572492 0.434932 0.572100 0.434932 0.571317 0.434361 0.570925 0.434361 0.570141 0.433790 0.569749 0.433790 0.567790 0.432363 0.567398 0.432363 0.566223 0.431507 0.565831 0.431507 0.564655 0.430651 0.564655 0.430365 0.563871 0.429795 0.563871 0.428082 0.563480 0.427797 0.563480 0.426941 0.563871 0.426655 0.563871 0.426084 0.564655 0.425514 0.564655 0.425228 0.568182 0.422660 0.568182 0.422374 0.570533 0.420662 0.570925 0.420662 0.571708 0.420091
600 0.279781 0.357877 0.279389 0.358162 0.275862 0.358162 0.275470 0.358447 0.275078 0.358447 0.274687 0.358733 0.273903 0.358733 0.273511 0.359018 0.272727 0.359018 0.272335 0.359304 0.271944 0.359304 0.271552 0.359589 0.270768 0.359589 0.270376 0.359874 0.269592 0.359874 0.269201 0.360160 0.268417 0.360160 0.267633 0.360731 0.267241 0.360731 0.266850 0.361016 0.266458 0.361016 0.266066 0.361301 0.265674 0.361301 0.265282 0.361587 0.264890 0.361587 0.264498 0.361872 0.263323 0.361872 0.263323 0.362158 0.262931 0.362443 0.262539 0.362443 0.260580 0.363870 0.260188 0.363870 0.259404 0.364441 0.259013 0.364441 0.257837 0.365297 0.257445 0.365297 0.257053 0.365582 0.257053 0.366153 0.256661 0.366438 0.256270 0.366438 0.255486 0.367009 0.255486 0.367295 0.254702 0.367865 0.254702 0.368151 0.253918 0.368721 0.253918 0.369007 0.253527 0.369292 0.253135 0.369292 0.253135 0.369578 0.252351 0.370148 0.252351 0.370434 0.251959 0.370719 0.251959 0.371290 0.251567 0.371575 0.251567 0.371861 0.251176 0.372146 0.250784 0.372146 0.250784 0.373002 0.250000 0.373573 0.250000 0.373858 0.249608 0.374144 0.249608 0.374715 0.249216 0.375000 0.249216 0.375571 0.248824 0.375856 0.248824 0.376427 0.248433 0.376712 0.248433 0.376998 0.248041 0.377283 0.248041 0.377854 0.247649 0.378139 0.247649 0.379566 0.247257 0.379852 0.247257 0.380422 0.246865 0.380708 0.246865 0.381849 0.246473 0.382135 0.246473 0.383276 0.246082 0.383562 0.246082 0.384132 0.245690 0.384418 0.245690 0.386130 0.245298 0.386416 0.245298 0.386986 0.245690 0.387272 0.245690 0.387842 0.245298 0.388128 0.245298 0.388413 0.245690 0.388699 0.245690 0.391267 0.246082 0.391553 0.246082 0.392409 0.246473 0.392694 0.246082 0.392979 0.246473 0.393265 0.246473 0.394406 0.246865 0.394692 0.246865 0.396119 0.247257 0.396404 0.247257 0.396975 0.247649 0.397260 0.247649 0.398116 0.248041 0.398402 0.248041 0.398973 0.248433 0.399258 0.248433 0.399829 0.248824 0.400114 0.248824 0.400970 0.249216 0.401256 0.249216 0.401826 0.249608 0.402112 0.249608 0.402683 0.250000 0.402968 0.250000 0.403539 0.250784 0.404110 0.250784 0.404680 0.251567 0.405251 0.251567 0.405537 0.252351 0.406107 0.252351 0.406393 0.252743 0.406678 0.252743 0.406963 0.255094 0.408676 0.255094 0.408961 0.255486 0.408961 0.256270 0.409532 0.256661 0.409532 0.257445 0.410103 0.257837 0.410103 0.259404 0.411244 0.260580 0.411244 0.261755 0.412100 0.262147 0.412100 0.262539 0.412386 0.262931 0.412386 0.263323 0.412671 0.263715 0.412671 0.264107 0.412957 0.264890 0.412957 0.265674 0.413527 0.266458 0.413527 0.266850 0.413813 0.267633 0.413813 0.268417 0.414384 0.269592 0.414384 0.269984 0.414669 0.270768 0.414669 0.271160 0.414954 0.271552 0.414954 0.271944 0.415240 0.273511 0.415240 0.273903 0.415525 0.275470 0.415525 0.275862 0.415811 0.277429 0.415811 0.277821 0.416096 0.278605 0.416096 0.278997 0.415811 0.279389 0.416096 0.282132 0.416096 0.282524 0.416381 0.283307 0.416381 0.283699 0.416096 0.286834 0.416096 0.287226 0.415811 0.289969 0.415811 0.290361 0.415525 0.291144 0.415525 0.291536 0.415240 0.294279 0.415240 0.294279 0.414954 0.294671 0.414669 0.295455 0.414669 0.295846 0.414384 0.297022 0.414384 0.297414 0.414098 0.297806 0.414098 0.298197 0.413813 0.299373 0.413813 0.299765 0.413527 0.300157 0.413527 0.300549 0.413813 0.300549 0.413242 0.300940 0.412957 0.302508 0.412957 0.303292 0.412386 0.304075 0.412386 0.304467 0.412100 0.304859 0.412100 0.305643 0.411530 0.306034 0.411530 0.306426 0.411244 0.306818 0.411244 0.306818 0.410959 0.307210 0.410674 0.308386 0.410674 0.308777 0.410388 0.308777 0.410103 0.309561 0.409532 0.309953 0.409532 0.310345 0.409247 0.310737 0.409247 0.311129 0.408961 0.311129 0.408676 0.311520 0.408390 0.311912 0.408390 0.313088 0.407534 0.313088 0.407249 0.313480 0.406963 0.313871 0.406963 0.314263 0.406678 0.314263 0.406393 0.315047 0.405822 0.315439 0.406107 0.315831 0.406107 0.315439 0.406107 0.315047 0.405822 0.315047 0.405537 0.316223 0.404680 0.316223 0.404110 0.316614 0.403824 0.317006 0.403824 0.317006 0.403253 0.317790 0.402683 0.317790 0.402397 0.318182 0.402112 0.318182 0.401826 0.318574 0.401541 0.318574 0.400970 0.318966 0.400685 0.319357 0.400685 0.319357 0.399543 0.319749 0.399258 0.319749 0.398687 0.320533 0.398116 0.320533 0.396975 0.320925 0.396689 0.320925 0.395548 0.321317 0.395263 0.321317 0.394977 0.321708 0.394692 0.321708 0.392694 0.322100 0.392409 0.322100 0.392123 0.322492 0.391838 0.322492 0.390411 0.322884 0.390126 0.322884 0.389269 0.323276 0.388984 0.323276 0.385845 0.322884 0.385559 0.322884 0.382420 0.322492 0.382135 0.322492 0.380422 0.322100 0.380137 0.322100 0.379852 0.321708 0.379566 0.321708 0.378995 0.321317 0.378710 0.321317 0.378425 0.320925 0.378139 0.320925 0.376998 0.320141 0.376427 0.320141 0.375856 0.319357 0.375285 0.319357 0.374429 0.318966 0.374144 0.318966 0.373858 0.318182 0.373288 0.318182 0.373002 0.317790 0.372717 0.317790 0.372432 0.317398 0.372146 0.317398 0.371575 0.316223 0.370719 0.316223 0.369292 0.315831 0.369292 0.314263 0.368151 0.314263 0.367580 0.313480 0.367580 0.313088 0.367295 0.313088 0.366438 0.312696 0.366438 0.312304 0.366153 0.311912 0.366153 0.310737 0.365297 0.310737 0.365011 0.309953 0.364441 0.309561 0.364441 0.308777 0.363870 0.308386 0.363870 0.307994 0.363584 0.307994 0.363299 0.307602 0.363014 0.307210 0.363014 0.306818 0.362728 0.306818 0.362443 0.306034 0.362443 0.304859 0.361587 0.304075 0.361587 0.303683 0.361301 0.303292 0.361301 0.302900 0.361016 0.302508 0.361016 0.302116 0.360731 0.300940 0.360731 0.300549 0.360445 0.300549 0.360160 0.299373 0.360160 0.298981 0.359874 0.298589 0.359874 0.298197 0.359589 0.297414 0.359589 0.297022 0.359304 0.295846 0.359304 0.295455 0.359018 0.293887 0.359018 0.293495 0.358733 0.292712 0.358733 0.292320 0.358447 0.288401 0.358447 0.288009 0.358162 0.286442 0.358162 0.286050 0.357877
600 0.275470 0.388413 0.275862 0.388128 0.277429 0.388128 0.277821 0.388413 0.277821 0.388699 0.278213 0.388984 0.277821 0.389269 0.278605 0.389840 0.278605 0.390126 0.278997 0.390126 0.279781 0.390696 0.279781 0.391838 0.280172 0.392123 0.280172 0.393836 0.279781 0.394121 0.279781 0.396689 0.279389 0.396975 0.279389 0.398973 0.278997 0.399258 0.278997 0.400685 0.278213 0.401256 0.278213 0.401541 0.277038 0.402397 0.276646 0.402397 0.276254 0.402683 0.275078 0.402683 0.274687 0.402968 0.273903 0.402968 0.273511 0.403253 0.272727 0.403253 0.272335 0.403539 0.271552 0.403539 0.271160 0.403824 0.269592 0.403824 0.269201 0.403539 0.268417 0.403539 0.268025 0.403253 0.267633 0.403253 0.267241 0.402968 0.266458 0.402968 0.266066 0.402683 0.265674 0.402683 0.264890 0.402112 0.264890 0.401826 0.264107 0.401256 0.264498 0.400970 0.264498 0.400685 0.264498 0.400970 0.264107 0.401256 0.262931 0.400400 0.262931 0.400114 0.262539 0.400114 0.262147 0.399829 0.262147 0.399543 0.262539 0.399258 0.262931 0.399543 0.262539 0.399258 0.262147 0.399543 0.261755 0.399258 0.261755 0.398973 0.261364 0.398687 0.261364 0.398402 0.260972 0.398116 0.260972 0.397831 0.260580 0.397546 0.260580 0.397260 0.260188 0.396975 0.260188 0.396689 0.259796 0.396404 0.259796 0.394977 0.260188 0.394692 0.260188 0.393836 0.260580 0.393550 0.260972 0.393836 0.260972 0.394692 0.260972 0.393836 0.260580 0.393550 0.260580 0.392979 0.260972 0.392694 0.261364 0.392979 0.261364 0.392694 0.261755 0.392409 0.262147 0.392409 0.262539 0.392694 0.262147 0.392409 0.261755 0.392409 0.261364 0.392123 0.261364 0.391838 0.261755 0.391553 0.261755 0.391267 0.262539 0.390696 0.262539 0.390411 0.263715 0.389555 0.264107 0.389555 0.264498 0.389840 0.264107 0.389555 0.264498 0.389269 0.264890 0.389269 0.265282 0.389555 0.264890 0.389269 0.265282 0.388984 0.266066 0.388984 0.266458 0.388699 0.267633 0.388699 0.268025 0.388413
600 0.291144 0.387557 0.291536 0.387272 0.294279 0.387272 0.294671 0.387557 0.294671 0.387842 0.295063 0.387557 0.298589 0.387557 0.298981 0.387842 0.300549 0.387842 0.300940 0.388128 0.301332 0.388128 0.301724 0.388413 0.302116 0.388413 0.302900 0.388984 0.302508 0.389269 0.302900 0.388984 0.303292 0.389269 0.303683 0.389269 0.304075 0.389555 0.304075 0.389840 0.305251 0.390696 0.305251 0.390982 0.306034 0.391553 0.306034 0.391838 0.306426 0.392123 0.306426 0.392409 0.306818 0.392694 0.306818 0.394692 0.306426 0.394977 0.306426 0.395833 0.305643 0.396404 0.305643 0.396975 0.302900 0.398973 0.302900 0.399258 0.302116 0.399829 0.302116 0.400114 0.301332 0.400685 0.301332 0.400970 0.300940 0.401256 0.300549 0.401256 0.300549 0.401541 0.300157 0.401826 0.299765 0.401826 0.297022 0.403824 0.296630 0.403824 0.296238 0.404110 0.295846 0.404110 0.295455 0.404395 0.294671 0.404395 0.294279 0.404680 0.293103 0.404680 0.292712 0.404395 0.290752 0.404395 0.290361 0.404110 0.289577 0.404110 0.289185 0.403824 0.288401 0.403824 0.288009 0.403539 0.287618 0.403539 0.287226 0.403253 0.286834 0.403253 0.286442 0.402968 0.286050 0.402968 0.285266 0.402397 0.285266 0.402112 0.284875 0.402112 0.284091 0.401541 0.284091 0.401256 0.283699 0.400970 0.283699 0.400400 0.283307 0.400114 0.283307 0.398973 0.282915 0.398687 0.282915 0.395263 0.282524 0.394977 0.282915 0.394692 0.282915 0.392123 0.282524 0.391838 0.282524 0.391267 0.282915 0.390982 0.284875 0.390982 0.285266 0.390696 0.285658 0.390696 0.286442 0.390126 0.286834 0.390126 0.286834 0.388984 0.286442 0.388699 0.286442 0.388128 0.286834 0.387842 0.288009 0.387842 0.288401 0.387557
600 0.271160 0.371290 0.271552 0.371005 0.271944 0.371005 0.272335 0.371290 0.273119 0.371290 0.273511 0.371575 0.273903 0.371290 0.274687 0.371290 0.275862 0.372146 0.275862 0.372717 0.276254 0.373002 0.276254 0.373573 0.276646 0.373858 0.276646 0.374429 0.277038 0.374715 0.277038 0.375856 0.277429 0.376142 0.277429 0.377854 0.277821 0.378139 0.277821 0.378710 0.277429 0.378995 0.277429 0.382420 0.277821 0.382705 0.277821 0.382991 0.277429 0.383276 0.277429 0.383847 0.277038 0.384132 0.277038 0.384418 0.276646 0.384703 0.277038 0.384989 0.277038 0.385559 0.277429 0.385845 0.276646 0.386416 0.274687 0.386416 0.274295 0.386701 0.273903 0.386701 0.273511 0.386416 0.265282 0.386416 0.264890 0.386130 0.263715 0.386130 0.262931 0.385559 0.262931 0.385274 0.262539 0.384989 0.262539 0.383847 0.262147 0.383562 0.262147 0.382991 0.261755 0.382705 0.261755 0.382420 0.261364 0.382135 0.261364 0.381849 0.260972 0.381564 0.260972 0.380993 0.260580 0.380708 0.260580 0.378995 0.260972 0.378710 0.260580 0.378425 0.260580 0.377568 0.260972 0.377283 0.261364 0.377568 0.261364 0.378139 0.261364 0.377568 0.260972 0.377283 0.260972 0.376712 0.261364 0.376427 0.261364 0.376142 0.262147 0.375571 0.262539 0.375856 0.262539 0.375571 0.262931 0.375285 0.262539 0.375000 0.263323 0.374429 0.263715 0.374429 0.264107 0.374144 0.264498 0.374144 0.264890 0.373858 0.265282 0.373858 0.267241 0.372432 0.267633 0.372432 0.268417 0.371861 0.269201 0.371861 0.269201 0.371575 0.269592 0.371290
600 0.287618 0.368436 0.288009 0.368151 0.290361 0.368151 0.290752 0.368436 0.291144 0.368436 0.292320 0.369292 0.292712 0.369292 0.293887 0.370148 0.294279 0.370148 0.295063 0.370719 0.295455 0.370719 0.295846 0.371005 0.296238 0.371005 0.297022 0.371575 0.297414 0.371575 0.297806 0.371861 0.298197 0.371861 0.300940 0.373858 0.300940 0.374144 0.301332 0.374144 0.304075 0.376142 0.304075 0.376427 0.304859 0.376998 0.304859 0.377283 0.305251 0.377568 0.305251 0.379852 0.304859 0.380137 0.304859 0.380993 0.304467 0.381279 0.304467 0.381849 0.304075 0.382135 0.304075 0.382420 0.303292 0.382991 0.303292 0.383276 0.302900 0.383562 0.302900 0.383847 0.301724 0.384703 0.300940 0.384703 0.300549 0.384989 0.297806 0.384989 0.297414 0.385274 0.290361 0.385274 0.289969 0.384989 0.289577 0.384989 0.289185 0.385274 0.288009 0.385274 0.287618 0.384989 0.288009 0.384703 0.287618 0.384989 0.287226 0.384703 0.287226 0.384132 0.286442 0.383562 0.284875 0.383562 0.284091 0.382991 0.284091 0.382705 0.283699 0.382420 0.283699 0.381849 0.283307 0.381564 0.283307 0.381279 0.282915 0.380993 0.282915 0.380708 0.282524 0.380422 0.282524 0.379852 0.282132 0.379566 0.282132 0.373573 0.282524 0.373288 0.282524 0.372146 0.282915 0.371861 0.282915 0.371575 0.283307 0.371290 0.283307 0.371005 0.284875 0.369863 0.284875 0.369578 0.286050 0.368721 0.286834 0.368721 0.287226 0.368436
641 0.716693 0.303082 0.716301 0.303368 0.714734 0.303368 0.714342 0.303653 0.711599 0.303653 0.711207 0.303938 0.710423 0.303938 0.710031 0.304224 0.708464 0.304224 0.708072 0.304509 0.706505 0.304509 0.706113 0.304795 0.705329 0.304795 0.704937 0.305080 0.704154 0.305080 0.703762 0.305365 0.702194 0.305365 0.702194 0.305651 0.701803 0.305936 0.700627 0.305936 0.699843 0.306507 0.699060 0.306507 0.698668 0.306792 0.697884 0.306792 0.697884 0.307078 0.697492 0.307363 0.697100 0.307363 0.696708 0.307648 0.695925 0.307648 0.695925 0.307934 0.695533 0.308219 0.694749 0.308219 0.694749 0.308505 0.693574 0.309361 0.693182 0.309361 0.692398 0.309932 0.692006 0.309932 0.690439 0.311073 0.689655 0.311073 0.688088 0.312215 0.687696 0.312215 0.687696 0.312500 0.687304 0.312785 0.686912 0.312785 0.683386 0.315354 0.683386 0.315639 0.682210 0.316495 0.682210 0.317066 0.681426 0.317637 0.681426 0.317922 0.680251 0.318779 0.680251 0.319349 0.679859 0.319635 0.679859 0.319920 0.679467 0.320205 0.679467 0.320776 0.679075 0.321062 0.679075 0.321632 0.678683 0.321918 0.678683 0.322774 0.678292 0.323059 0.678292 0.323916 0.677900 0.324201 0.677900 0.335331 0.678292 0.335616 0.678292 0.338185 0.678683 0.338470 0.678683 0.339326 0.679075 0.339612 0.679075 0.339897 0.679467 0.340183 0.679467 0.340753 0.679859 0.341039 0.679859 0.341324 0.680251 0.341610 0.680251 0.342180 0.680643 0.342466 0.680643 0.342751 0.681426 0.343322 0.681426 0.343607 0.681818 0.343893 0.681818 0.344463 0.682602 0.345034 0.682994 0.345034 0.683386 0.345320 0.683386 0.346461 0.683777 0.346461 0.684953 0.347317 0.684953 0.347603 0.685345 0.347603 0.686520 0.348459 0.686520 0.348744 0.686912 0.349030 0.687304 0.349030 0.687696 0.349315 0.687696 0.349600 0.688088 0.349886 0.688480 0.349886 0.688871 0.350171 0.689263 0.350171 0.689655 0.350457 0.689655 0.351313 0.689655 0.351027 0.690047 0.350742 0.691223 0.351598 0.691223 0.351884 0.692398 0.352740 0.692790 0.352740 0.693574 0.353311 0.693574 0.353596 0.694357 0.354167 0.694749 0.354167 0.695141 0.354452 0.695533 0.354452 0.695925 0.354737 0.695925 0.355023 0.696317 0.355023 0.697492 0.355879 0.697884 0.355879 0.698668 0.356450 0.699451 0.356450 0.700627 0.357306 0.701019 0.357306 0.701411 0.357591 0.701803 0.357591 0.702194 0.357877 0.702194 0.358447 0.702194 0.358162 0.702586 0.357877 0.702978 0.358162 0.703762 0.358162 0.704154 0.358447 0.704545 0.358447 0.704937 0.358733 0.706113 0.358733 0.706505 0.359018 0.707288 0.359018 0.707680 0.359304 0.708072 0.359304 0.708464 0.359589 0.708464 0.359874 0.708856 0.359589 0.710031 0.359589 0.710423 0.359874 0.712382 0.359874 0.712774 0.360160 0.718652 0.360160 0.719044 0.359874 0.722962 0.359874 0.723354 0.359589 0.723746 0.359874 0.724530 0.359304 0.726097 0.359304 0.726489 0.359018 0.726881 0.359018 0.727273 0.358733 0.729232 0.358733 0.729624 0.358447 0.730016 0.358447 0.730408 0.358162 0.731975 0.358162 0.732367 0.357877 0.732759 0.357877 0.733150 0.358162 0.733150 0.357877 0.733542 0.357591 0.733934 0.357591 0.734326 0.357306 0.735110 0.357306 0.735502 0.357021 0.736285 0.357021 0.736677 0.356735 0.737069 0.356735 0.737461 0.356450 0.737853 0.356450 0.738636 0.355879 0.739420 0.355879 0.740204 0.355308 0.740596 0.355308 0.741379 0.354737 0.741771 0.354737 0.742163 0.354452 0.742555 0.354452 0.744122 0.353311 0.744514 0.353311 0.745298 0.352740 0.745690 0.352740 0.745690 0.352169 0.746082 0.351884 0.746473 0.351884 0.748824 0.350171 0.748824 0.349886 0.749216 0.349600 0.749608 0.349600 0.749608 0.349315 0.750784 0.348459 0.750784 0.348174 0.751959 0.347317 0.751959 0.347032 0.752743 0.346461 0.753135 0.346747 0.752743 0.346461 0.752743 0.346176 0.753527 0.345605 0.753527 0.345320 0.754310 0.344749 0.754310 0.344463 0.754702 0.344178 0.754702 0.343893 0.755094 0.343607 0.755094 0.343322 0.755486 0.343037 0.755486 0.342466 0.755878 0.342180 0.755878 0.341610 0.756270 0.341324 0.756270 0.340753 0.756661 0.340468 0.756661 0.339612 0.757053 0.339326 0.757053 0.337900 0.757445 0.337614 0.757445 0.337043 0.757837 0.336758 0.757837 0.333904 0.758229 0.333619 0.758229 0.333048 0.757837 0.332763 0.757837 0.331906 0.758229 0.331621 0.757837 0.331336 0.757837 0.329053 0.757445 0.328767 0.757445 0.327626 0.757053 0.327340 0.757053 0.326484 0.756661 0.326199 0.756661 0.324772 0.756270 0.324486 0.756270 0.323630 0.755878 0.323345 0.755878 0.321918 0.755486 0.321918 0.755094 0.321632 0.755094 0.320776 0.754310 0.320205 0.754310 0.319635 0.753918 0.319349 0.753918 0.319064 0.753135 0.318493 0.753135 0.318208 0.752743 0.317922 0.752743 0.317637 0.751959 0.317066 0.751959 0.316781 0.750392 0.315639 0.750392 0.315354 0.749608 0.314783 0.749608 0.314498 0.746865 0.312500 0.746865 0.312215 0.746473 0.311929 0.746082 0.311929 0.745690 0.311644 0.745690 0.311358 0.744514 0.310502 0.744122 0.310502 0.743730 0.310217 0.743730 0.309932 0.743339 0.309646 0.742947 0.309646 0.740987 0.308219 0.740987 0.307648 0.740596 0.307363 0.739812 0.307363 0.739420 0.307078 0.739420 0.306792 0.738245 0.306792 0.737461 0.306221 0.737069 0.306221 0.736677 0.305936 0.735893 0.305936 0.735110 0.305365 0.734718 0.305365 0.734326 0.305080 0.733542 0.305080 0.732759 0.304509 0.731583 0.304509 0.731191 0.304224 0.730799 0.304224 0.730408 0.303938 0.729624 0.303938 0.729232 0.303653 0.727273 0.303653 0.726881 0.303368 0.725705 0.303368 0.725313 0.303082
641 0.715517 0.332477 0.715909 0.332192 0.716301 0.332192 0.716693 0.332477 0.716301 0.332763 0.716693 0.332477 0.717476 0.332477 0.718652 0.333333 0.718652 0.333619 0.719436 0.334189 0.719436 0.334475 0.720219 0.335046 0.720219 0.336758 0.720611 0.337043 0.720611 0.337614 0.721003 0.337900 0.721003 0.338470 0.721395 0.338756 0.721395 0.339041 0.722962 0.340183 0.722962 0.340468 0.723354 0.340753 0.723354 0.341610 0.723746 0.341895 0.723746 0.344749 0.723354 0.345034 0.723354 0.345605 0.722962 0.345890 0.722962 0.346176 0.722571 0.346461 0.722571 0.346747 0.722179 0.347032 0.722179 0.347603 0.721787 0.347888 0.721787 0.348174 0.721003 0.348744 0.721003 0.349030 0.720611 0.349315 0.720219 0.349315 0.719436 0.349886 0.719044 0.349886 0.718652 0.350171 0.717868 0.350171 0.717476 0.350457 0.716693 0.350457 0.716301 0.350171 0.714734 0.350171 0.714342 0.349886 0.713166 0.349886 0.712774 0.349600 0.711207 0.349600 0.710815 0.349315 0.710031 0.349315 0.709248 0.348744 0.708464 0.348744 0.707680 0.348174 0.707288 0.348174 0.706113 0.347317 0.706113 0.347032 0.705329 0.346461 0.705329 0.346176 0.704545 0.345605 0.704545 0.345034 0.704154 0.344749 0.704154 0.344463 0.703762 0.344178 0.703762 0.343893 0.703370 0.343607 0.703370 0.343322 0.702978 0.343037 0.702978 0.342466 0.702586 0.342180 0.702586 0.341895 0.702194 0.341610 0.702194 0.341039 0.701803 0.340753 0.701803 0.339326 0.702586 0.338756 0.702586 0.338470 0.704937 0.336758 0.705329 0.336758 0.706113 0.336187 0.706505 0.336187 0.707288 0.335616 0.707680 0.335616 0.708072 0.335331 0.708464 0.335331 0.708856 0.335046 0.709248 0.335046 0.709639 0.334760 0.710031 0.334760 0.710423 0.334475 0.710815 0.334475 0.711207 0.334189 0.711991 0.334189 0.712382 0.333904 0.712774 0.333904 0.714734 0.332477
641 0.731583 0.328767 0.731975 0.328482 0.733934 0.328482 0.734326 0.328767 0.734718 0.328767 0.735110 0.329053 0.735502 0.329053 0.735893 0.329338 0.736285 0.329338 0.737069 0.329909 0.737461 0.329909 0.738245 0.330479 0.738636 0.330479 0.739028 0.330765 0.739812 0.330765 0.740204 0.331050 0.740596 0.331050 0.740987 0.331336 0.741379 0.331336 0.742163 0.331906 0.742163 0.332192 0.742555 0.332477 0.742555 0.333619 0.742163 0.333904 0.742163 0.334475 0.741379 0.335046 0.741379 0.335331 0.740987 0.335616 0.740987 0.335902 0.740596 0.336187 0.740596 0.336473 0.739028 0.337614 0.739028 0.337900 0.738636 0.338185 0.738636 0.338470 0.738245 0.338756 0.738245 0.339041 0.737461 0.339612 0.737461 0.339897 0.737069 0.340183 0.736677 0.340183 0.736285 0.340468 0.735893 0.340468 0.735110 0.341039 0.734718 0.341039 0.734326 0.341324 0.732759 0.341324 0.732367 0.341610 0.730408 0.341610 0.730016 0.341324 0.730016 0.341039 0.729624 0.340753 0.729624 0.340183 0.729232 0.339897 0.729232 0.339612 0.728840 0.339326 0.728840 0.339041 0.728448 0.338756 0.728448 0.338470 0.728056 0.338185 0.728448 0.337900 0.728056 0.338185 0.727665 0.337900 0.727665 0.337614 0.726489 0.336758 0.726881 0.336473 0.726489 0.336758 0.725313 0.335902 0.724922 0.335902 0.723746 0.335046 0.723746 0.334760 0.722571 0.333904 0.722571 0.333619 0.722962 0.333333 0.722962 0.332763 0.722571 0.332477 0.722571 0.331050 0.723354 0.330479 0.723746 0.330765 0.723746 0.330479 0.724138 0.330194 0.724530 0.330194 0.724922 0.329909 0.725313 0.329909 0.725705 0.330194 0.726097 0.330194 0.725705 0.329909 0.726097 0.329623 0.726881 0.329623 0.727273 0.329338 0.728840 0.329338 0.729232 0.329053 0.730016 0.329053 0.730408 0.328767
641 0.699843 0.318779 0.700235 0.318493 0.702586 0.318493 0.702978 0.318779 0.704937 0.318779 0.705329 0.319064 0.705721 0.319064 0.706113 0.319349 0.706505 0.319349 0.706897 0.319635 0.707288 0.319635 0.708856 0.320776 0.708464 0.321062 0.708856 0.320776 0.709639 0.321347 0.709248 0.321632 0.708856 0.321632 0.709639 0.321632 0.710815 0.322489 0.710815 0.322774 0.711207 0.323059 0.711207 0.323345 0.711599 0.323630 0.711599 0.325057 0.711991 0.325342 0.711991 0.325628 0.712382 0.325913 0.712382 0.326199 0.711991 0.326484 0.711599 0.326199 0.711991 0.326484 0.712382 0.326199 0.712774 0.326484 0.712774 0.326769 0.713558 0.327340 0.713558 0.327626 0.713166 0.327911 0.712774 0.327626 0.712774 0.328196 0.711991 0.328767 0.711207 0.328767 0.711599 0.329053 0.711207 0.329338 0.711207 0.329909 0.711599 0.330194 0.711599 0.330765 0.711991 0.331050 0.711599 0.331336 0.711207 0.331336 0.710423 0.331906 0.709639 0.331906 0.709248 0.332192 0.708856 0.332192 0.708464 0.332477 0.707288 0.332477 0.706897 0.332763 0.702586 0.332763 0.702194 0.332477 0.702586 0.332763 0.702194 0.333048 0.700627 0.333048 0.700235 0.333333 0.697884 0.333333 0.697492 0.333619 0.695925 0.333619 0.695533 0.333333 0.695141 0.333333 0.694749 0.333619 0.694357 0.333333 0.693574 0.333333 0.693182 0.333048 0.693182 0.332763 0.692398 0.332192 0.692398 0.331906 0.692006 0.331621 0.692398 0.331336 0.692006 0.331336 0.691223 0.330765 0.691223 0.330479 0.690831 0.330194 0.690831 0.329909 0.690439 0.329623 0.690439 0.328196 0.690831 0.327911 0.690831 0.326484 0.691614 0.325913 0.692006 0.326199 0.691614 0.325913 0.691614 0.325628 0.692006 0.325342 0.692006 0.325057 0.692398 0.324772 0.692398 0.324201 0.692790 0.323916 0.693182 0.323916 0.693182 0.323630 0.693966 0.323059 0.693966 0.322774 0.694749 0.322203 0.694749 0.321632 0.695141 0.321347 0.695533 0.321632 0.695141 0.321347 0.695533 0.321062 0.695533 0.320776 0.697100 0.319635 0.697492 0.319635 0.697884 0.319349 0.698276 0.319349 0.699060 0.318779
641 0.718652 0.312500 0.719044 0.312215 0.719436 0.312500 0.719828 0.312500 0.720219 0.312215 0.721787 0.312215 0.722179 0.312500 0.722571 0.312215 0.727665 0.312215 0.728056 0.312500 0.728448 0.312500 0.729232 0.313071 0.728840 0.313356 0.729232 0.313071 0.729624 0.313356 0.730016 0.313356 0.731191 0.314212 0.731583 0.314212 0.732367 0.314783 0.732367 0.315068 0.732759 0.315354 0.732759 0.315639 0.733542 0.316210 0.733542 0.316495 0.733934 0.316781 0.733934 0.320205 0.733542 0.320491 0.733542 0.321632 0.733150 0.321918 0.733150 0.322774 0.732759 0.323059 0.732759 0.323345 0.732367 0.323630 0.732367 0.323916 0.730799 0.325057 0.730408 0.325057 0.728840 0.326199 0.728448 0.326199 0.728056 0.326484 0.727665 0.326484 0.726881 0.327055 0.726097 0.327055 0.725313 0.327626 0.724922 0.327626 0.724530 0.327911 0.721003 0.327911 0.720611 0.327626 0.720611 0.327055 0.719828 0.326484 0.717085 0.326484 0.716693 0.326199 0.716693 0.325913 0.716301 0.325628 0.716301 0.325057 0.715909 0.324772 0.715909 0.324486 0.716301 0.324201 0.715909 0.324486 0.715125 0.323916 0.715125 0.323630 0.714734 0.323630 0.714342 0.323345 0.714342 0.323059 0.713950 0.322774 0.713950 0.322489 0.713166 0.321918 0.713166 0.321347 0.712774 0.321062 0.712774 0.320776 0.712382 0.320491 0.712382 0.320205 0.712774 0.319920 0.712774 0.319635 0.712774 0.319920 0.712382 0.320205 0.711991 0.319920 0.711991 0.319064 0.711599 0.318779 0.711599 0.317922 0.711991 0.317637 0.711991 0.316781 0.712382 0.316495 0.712382 0.316210 0.713558 0.315354 0.713950 0.315639 0.713558 0.315354 0.714734 0.314498 0.714734 0.314212 0.715125 0.313927 0.715517 0.313927 0.715517 0.313642 0.715909 0.313356 0.716301 0.313356 0.716693 0.313071 0.717085 0.313356 0.716693 0.313071 0.717085 0.312785 0.717476 0.312785 0.717868 0.312500
660 0.125392 0.278824 0.125000 0.279110 0.123433 0.279110 0.123041 0.279395 0.122257 0.279395 0.121865 0.279680 0.121082 0.279680 0.120690 0.279966 0.119122 0.279966 0.118730 0.280251 0.118339 0.280251 0.117947 0.280537 0.117555 0.280537 0.116771 0.281107 0.116379 0.281107 0.115987 0.281393 0.115204 0.281393 0.114812 0.281678 0.114420 0.281678 0.113636 0.282249 0.112853 0.282249 0.112461 0.282534 0.112069 0.282534 0.111285 0.283105 0.110893 0.283105 0.108542 0.284817 0.108150 0.284817 0.106583 0.285959 0.106583 0.286244 0.105408 0.287100 0.105408 0.287386 0.105016 0.287671 0.104624 0.287671 0.104624 0.287957 0.103448 0.288813 0.103448 0.289098 0.103056 0.289384 0.103056 0.289669 0.102665 0.289954 0.102665 0.290240 0.101881 0.290811 0.101881 0.291096 0.101489 0.291381 0.101097 0.291381 0.101097 0.291952 0.100705 0.292237 0.100705 0.292523 0.100313 0.292808 0.100313 0.293379 0.099530 0.293950 0.099530 0.294521 0.099138 0.294806 0.099138 0.295091 0.098746 0.295377 0.098746 0.295947 0.098354 0.296233 0.098354 0.296518 0.097962 0.296804 0.097962 0.297374 0.097571 0.297660 0.097571 0.298231 0.097179 0.298516 0.097179 0.300228 0.096787 0.300514 0.096787 0.301370 0.096395 0.301655 0.096395 0.307934 0.096787 0.308219 0.096787 0.310217 0.097179 0.310502 0.097179 0.311644 0.097571 0.311929 0.097571 0.312500 0.097962 0.312785 0.097962 0.313071 0.098354 0.313356 0.098354 0.313927 0.098746 0.314212 0.098746 0.314498 0.099530 0.315068 0.099530 0.315639 0.100313 0.316210 0.100313 0.316781 0.101097 0.317352 0.101097 0.317637 0.102273 0.318493 0.102273 0.318779 0.102665 0.319064 0.102665 0.319349 0.103056 0.319349 0.104232 0.320205 0.104232 0.320491 0.104624 0.320491 0.105016 0.320776 0.105016 0.321062 0.105799 0.321632 0.106191 0.321632 0.106583 0.321918 0.106583 0.322203 0.106975 0.322203 0.107367 0.322489 0.107759 0.322489 0.109326 0.323630 0.109718 0.323630 0.110110 0.323916 0.110502 0.323916 0.111285 0.324486 0.111677 0.324486 0.112069 0.324772 0.112461 0.324772 0.112853 0.325057 0.113245 0.325057 0.113636 0.325342 0.114420 0.325342 0.115204 0.325913 0.115596 0.325913 0.115987 0.326199 0.117163 0.326199 0.117555 0.326484 0.118339 0.326484 0.118730 0.326769 0.119514 0.326769 0.119906 0.327055 0.121473 0.327055 0.121865 0.327340 0.122257 0.327055 0.122649 0.327055 0.123041 0.327340 0.132837 0.327340 0.133229 0.327055 0.134013 0.327055 0.134404 0.327340 0.134796 0.327055 0.137539 0.327055 0.137931 0.326769 0.139107 0.326769 0.139890 0.326199 0.141458 0.326199 0.142241 0.325628 0.142633 0.325628 0.143025 0.325342 0.143809 0.325342 0.143809 0.325057 0.144201 0.324772 0.144984 0.324772 0.145376 0.324486 0.145768 0.324486 0.146552 0.323916 0.146944 0.323916 0.148511 0.322774 0.148903 0.322774 0.150470 0.321632 0.150862 0.321632 0.150862 0.321347 0.153605 0.319349 0.153605 0.319064 0.155172 0.317922 0.155172 0.317352 0.155564 0.317066 0.156348 0.317066 0.156348 0.316210 0.157524 0.315354 0.157524 0.315068 0.157915 0.314783 0.157915 0.314498 0.159091 0.313642 0.159483 0.313927 0.159483 0.313642 0.159091 0.313356 0.159483 0.313071 0.159483 0.312785 0.159875 0.312500 0.159875 0.311929 0.160266 0.311644 0.160266 0.311073 0.160658 0.310788 0.160658 0.310502 0.161050 0.310217 0.161050 0.309361 0.161442 0.309075 0.161442 0.308219 0.161834 0.307934 0.161834 0.307363 0.162618 0.306792 0.162618 0.306507 0.162226 0.306221 0.162226 0.305936 0.162618 0.305651 0.162618 0.295377 0.162226 0.295091 0.162618 0.294806 0.162618 0.294235 0.162226 0.294521 0.161834 0.294235 0.161834 0.293950 0.161442 0.293664 0.161442 0.292808 0.161050 0.292523 0.161050 0.292237 0.160658 0.291952 0.160658 0.291667 0.160266 0.291381 0.160266 0.291096 0.159483 0.290525 0.159483 0.290240 0.159875 0.289954 0.159091 0.289954 0.158699 0.289669 0.158699 0.289384 0.158307 0.289098 0.158307 0.288813 0.157132 0.287957 0.157132 0.287671 0.156740 0.287671 0.156348 0.287386 0.156348 0.287100 0.155956 0.287100 0.153997 0.285674 0.153605 0.285674 0.153213 0.285388 0.152821 0.285388 0.152038 0.284817 0.151646 0.284817 0.151254 0.284532 0.150862 0.284532 0.150078 0.283961 0.149687 0.283961 0.149295 0.283676 0.148903 0.283676 0.148119 0.283105 0.147335 0.283105 0.146944 0.282820 0.146552 0.282820 0.145768 0.282249 0.144984 0.282249 0.144592 0.281963 0.144201 0.281963 0.143809 0.281678 0.143809 0.281393 0.142633 0.281393 0.141850 0.280822 0.140674 0.280822 0.139890 0.280251 0.139498 0.280251 0.139107 0.279966 0.137931 0.279966 0.137539 0.279680 0.136755 0.279680 0.136364 0.279395 0.135188 0.279395 0.134796 0.279110 0.132837 0.279110 0.132445 0.278824
660 0.130094 0.302511 0.130878 0.302511 0.131270 0.302797 0.131661 0.302797 0.132053 0.303082 0.131661 0.303368 0.132053 0.303368 0.132445 0.303082 0.132837 0.303368 0.133621 0.303368 0.134013 0.303653 0.134404 0.303653 0.134796 0.303938 0.135188 0.303938 0.135580 0.304224 0.135972 0.304224 0.136364 0.304509 0.136755 0.304509 0.137147 0.304795 0.137539 0.304795 0.137931 0.305080 0.137931 0.305365 0.138323 0.305651 0.138715 0.305651 0.139107 0.305365 0.139498 0.305651 0.139890 0.305651 0.141458 0.306792 0.141458 0.307363 0.141850 0.307648 0.141850 0.308219 0.142241 0.308505 0.142241 0.309075 0.142633 0.309361 0.142633 0.310217 0.142241 0.310502 0.142241 0.311073 0.141850 0.311358 0.141850 0.311929 0.141066 0.312500 0.141066 0.312785 0.139890 0.313642 0.139498 0.313642 0.139107 0.313927 0.138715 0.313927 0.137539 0.314783 0.136755 0.314783 0.136364 0.315068 0.135188 0.315068 0.134796 0.315354 0.130486 0.315354 0.130094 0.315639 0.126959 0.315639 0.126176 0.315068 0.125784 0.315068 0.125000 0.314498 0.125000 0.314212 0.124608 0.313927 0.124608 0.313642 0.125000 0.313356 0.125000 0.313071 0.124608 0.313356 0.124216 0.313071 0.124216 0.312785 0.124608 0.312500 0.124216 0.312215 0.124216 0.309932 0.124608 0.309646 0.124608 0.308219 0.125000 0.307934 0.125000 0.307648 0.125392 0.307363 0.125392 0.306507 0.125784 0.306221 0.125784 0.305936 0.126176 0.305651 0.126176 0.305365 0.126959 0.304795 0.127351 0.304795 0.127743 0.304509 0.127743 0.304224 0.128135 0.303938 0.128135 0.303368 0.128918 0.302797 0.129310 0.303082
660 0.114812 0.301370 0.115204 0.301084 0.118730 0.301084 0.119122 0.301370 0.119906 0.301370 0.120690 0.301941 0.121082 0.301941 0.120690 0.301655 0.121082 0.301370 0.121865 0.301370 0.122257 0.301655 0.123041 0.301655 0.124216 0.302511 0.124216 0.302797 0.123824 0.303082 0.123824 0.303368 0.123433 0.303653 0.122649 0.303653 0.123041 0.303938 0.122649 0.304224 0.122649 0.304509 0.122257 0.304795 0.122257 0.305365 0.121865 0.305651 0.121865 0.305936 0.121473 0.306221 0.121473 0.306507 0.121082 0.306792 0.121082 0.307078 0.120690 0.307363 0.120690 0.307934 0.120298 0.308219 0.120298 0.308505 0.119906 0.308790 0.119906 0.309361 0.119514 0.309646 0.119514 0.310217 0.119122 0.310502 0.119122 0.311358 0.118730 0.311644 0.118730 0.312215 0.117947 0.312785 0.117555 0.312785 0.117163 0.313071 0.116771 0.312785 0.116379 0.312785 0.114812 0.311644 0.114812 0.311073 0.114420 0.310788 0.114420 0.310217 0.112853 0.309075 0.111677 0.309075 0.111285 0.308790 0.110893 0.308790 0.110502 0.308505 0.110502 0.306507 0.110110 0.306221 0.110110 0.305651 0.110893 0.305080 0.110893 0.304795 0.111285 0.304509 0.111677 0.304509 0.112069 0.304224 0.112461 0.304224 0.112461 0.303653 0.112853 0.303368 0.112853 0.303082 0.113245 0.302797 0.113636 0.303082 0.113636 0.303368 0.113636 0.302797 0.113245 0.302511 0.113636 0.302226 0.113636 0.301941 0.114028 0.301655 0.114420 0.301941 0.114028 0.301655 0.114420 0.301370
660 0.135972 0.292237 0.138715 0.292237 0.139107 0.292523 0.139890 0.292523 0.140282 0.292808 0.140674 0.292808 0.141458 0.293379 0.141458 0.293664 0.142633 0.294521 0.143025 0.294521 0.144201 0.295377 0.144201 0.295662 0.144592 0.295377 0.144984 0.295662 0.145376 0.295662 0.146160 0.296233 0.146160 0.296518 0.146552 0.296804 0.146552 0.297660 0.146944 0.297945 0.146944 0.298231 0.147335 0.298516 0.147335 0.299087 0.147727 0.299372 0.147727 0.299943 0.148119 0.300228 0.147727 0.300514 0.148119 0.300228 0.148511 0.300514 0.148511 0.301084 0.147727 0.301655 0.147335 0.301370 0.147727 0.301655 0.146944 0.302226 0.146160 0.302226 0.145768 0.302511 0.145376 0.302511 0.144984 0.302797 0.144592 0.302797 0.144201 0.302511 0.141850 0.302511 0.141458 0.302226 0.140674 0.302226 0.140282 0.301941 0.139498 0.301941 0.139107 0.301655 0.138715 0.301655 0.138323 0.301370 0.137931 0.301370 0.137539 0.301084 0.137147 0.301084 0.136755 0.300799 0.135972 0.300799 0.135580 0.300514 0.132445 0.300514 0.132053 0.300228 0.131661 0.300228 0.131270 0.299943 0.131270 0.299372 0.130878 0.299372 0.130486 0.299087 0.130486 0.298516 0.130878 0.298231 0.130878 0.297374 0.130486 0.297089 0.130486 0.296518 0.130878 0.296233 0.131270 0.296518 0.131270 0.296804 0.131270 0.296233 0.130878 0.295947 0.132445 0.294806 0.132837 0.295091 0.132445 0.294806 0.133229 0.294235 0.133229 0.293950 0.134796 0.292808 0.135188 0.292808
660 0.121473 0.289954 0.121865 0.289669 0.122257 0.289954 0.122649 0.289954 0.123041 0.289669 0.123433 0.289669 0.123824 0.289954 0.125000 0.289954 0.125392 0.290240 0.125392 0.290525 0.125784 0.290240 0.126176 0.290525 0.126176 0.290811 0.126567 0.290811 0.126959 0.290525 0.127351 0.290811 0.128135 0.290811 0.128527 0.291096 0.128527 0.291381 0.128918 0.291667 0.128918 0.291952 0.129310 0.292237 0.129310 0.292808 0.128918 0.293094 0.128918 0.293664 0.128527 0.293950 0.128527 0.294235 0.128135 0.294521 0.128135 0.294806 0.127743 0.295091 0.127743 0.295377 0.127351 0.295662 0.126959 0.295377 0.126959 0.295662 0.127351 0.295947 0.126959 0.296233 0.126959 0.296804 0.126567 0.297089 0.126567 0.297660 0.126176 0.297945 0.125784 0.297660 0.126176 0.297945 0.126176 0.298231 0.125784 0.298516 0.125392 0.298516 0.125392 0.298801 0.124608 0.299372 0.123433 0.299372 0.123041 0.299087 0.122257 0.299087 0.121473 0.298516 0.121082 0.298516 0.119906 0.297660 0.119122 0.297660 0.118730 0.297374 0.118339 0.297374 0.117947 0.297089 0.117555 0.297089 0.117163 0.296804 0.116771 0.296804 0.116379 0.296518 0.116379 0.295947 0.115987 0.295662 0.115987 0.295377 0.115596 0.295091 0.115596 0.294521 0.115204 0.294235 0.115204 0.293379 0.114812 0.293094 0.114812 0.292808 0.115204 0.292523 0.115204 0.292237 0.115596 0.291952 0.115987 0.291952 0.115596 0.291667 0.116379 0.291096 0.116771 0.291381 0.116771 0.291667 0.116771 0.291381 0.117163 0.291096 0.116771 0.290811 0.117947 0.289954
684 0.413009 0.273973 0.412618 0.274258 0.411050 0.274258 0.410658 0.274543 0.409483 0.274543 0.409091 0.274829 0.407524 0.274829 0.407132 0.275114 0.406348 0.275114 0.405956 0.275400 0.405564 0.275400 0.405172 0.275685 0.404389 0.275685 0.403997 0.275970 0.403605 0.275970 0.403213 0.276256 0.401254 0.276256 0.401254 0.276541 0.400862 0.276826 0.400078 0.276826 0.399687 0.277112 0.399295 0.277112 0.398511 0.277683 0.398119 0.277683 0.397727 0.277968 0.396944 0.277968 0.396160 0.278539 0.394984 0.278539 0.394984 0.278824 0.394592 0.279110 0.394201 0.279110 0.393025 0.279966 0.392633 0.279966 0.392241 0.280251 0.391850 0.280251 0.391458 0.280537 0.391066 0.280537 0.390674 0.280822 0.390674 0.281107 0.389498 0.281963 0.388715 0.281963 0.388715 0.282820 0.388323 0.283105 0.387539 0.283105 0.387539 0.283390 0.387147 0.283676 0.387147 0.283961 0.386364 0.284532 0.386364 0.284817 0.385580 0.285388 0.385580 0.285674 0.385188 0.285959 0.385188 0.286244 0.384013 0.287100 0.384013 0.287671 0.383229 0.288242 0.383229 0.288527 0.382837 0.288813 0.382445 0.288813 0.382445 0.290240 0.381661 0.290811 0.381661 0.291096 0.381270 0.291381 0.381270 0.291667 0.380878 0.291952 0.380878 0.292237 0.380486 0.292523 0.380486 0.293664 0.380094 0.293950 0.380094 0.294521 0.379702 0.294806 0.379702 0.295377 0.379310 0.295662 0.379310 0.296518 0.378918 0.296804 0.378918 0.299658 0.378527 0.299943 0.378527 0.307078 0.378918 0.307363 0.378918 0.307934 0.379310 0.308219 0.379310 0.309361 0.379702 0.309646 0.379702 0.310788 0.380094 0.311073 0.380094 0.311929 0.380486 0.312215 0.380486 0.312500 0.380878 0.312785 0.380878 0.313356 0.381270 0.313642 0.381270 0.313927 0.381661 0.314212 0.381661 0.314783 0.382053 0.315068 0.382053 0.315354 0.382445 0.315639 0.382445 0.316495 0.382837 0.316781 0.382837 0.317066 0.383229 0.317066 0.383621 0.317352 0.383621 0.317922 0.384013 0.318208 0.384013 0.318493 0.384404 0.318779 0.384404 0.319064 0.384796 0.319349 0.384796 0.319920 0.385188 0.319920 0.385972 0.320491 0.385972 0.320776 0.386364 0.321062 0.386364 0.321347 0.387147 0.321918 0.387147 0.322203 0.387539 0.322203 0.387931 0.322489 0.387931 0.322774 0.388323 0.322774 0.389107 0.323345 0.388715 0.323630 0.389107 0.323630 0.389498 0.323916 0.389890 0.323916 0.390282 0.324201 0.390282 0.324486 0.390674 0.324772 0.391066 0.324772 0.391458 0.325057 0.391850 0.325057 0.393417 0.326199 0.394592 0.326199 0.394984 0.326484 0.394984 0.326769 0.395376 0.327055 0.395768 0.327055 0.396160 0.327340 0.396552 0.327340 0.397335 0.327911 0.397727 0.327911 0.398511 0.328482 0.398903 0.328482 0.399687 0.329053 0.400078 0.329053 0.400470 0.329338 0.400862 0.329338 0.401254 0.329623 0.401254 0.329909 0.402038 0.329909 0.402429 0.330194 0.402821 0.330194 0.403605 0.330765 0.404389 0.330765 0.405172 0.331336 0.405564 0.331336 0.405956 0.331621 0.406348 0.331621 0.406740 0.331906 0.407132 0.331906 0.407524 0.332192 0.408699 0.332192 0.409091 0.332477 0.409483 0.332477 0.409875 0.332763 0.410266 0.332763 0.410658 0.333048 0.411050 0.333048 0.411442 0.332763 0.411834 0.333048 0.413401 0.333048 0.413793 0.333333 0.413793 0.333619 0.419671 0.333619 0.420063 0.333333 0.421238 0.333333 0.421630 0.333048 0.423589 0.333048 0.423981 0.332763 0.424765 0.332763 0.425157 0.332477 0.425940 0.332477 0.426332 0.332192 0.427116 0.332192 0.427508 0.331906 0.428292 0.331906 0.428683 0.331621 0.429467 0.331621 0.429859 0.331336 0.430643 0.331336 0.431034 0.331050 0.431426 0.331050 0.431818 0.330765 0.432210 0.330765 0.432602 0.330479 0.432994 0.330479 0.433386 0.330194 0.433777 0.330194 0.434169 0.329909 0.434561 0.329909 0.435737 0.329053 0.436129 0.329053 0.437304 0.328196 0.437696 0.328196 0.438088 0.327911 0.438480 0.327911 0.438480 0.327626 0.438871 0.327340 0.439263 0.327340 0.439655 0.327055 0.440047 0.327055 0.441223 0.326199 0.442006 0.326199 0.442006 0.325913 0.443966 0.324486 0.444357 0.324486 0.444749 0.324201 0.444749 0.323916 0.445925 0.323059 0.445925 0.322774 0.446708 0.322203 0.446708 0.321918 0.447492 0.321347 0.447492 0.321062 0.447884 0.320776 0.447884 0.320491 0.448276 0.320205 0.448276 0.319920 0.449060 0.319349 0.449060 0.319064 0.449451 0.318779 0.449451 0.318208 0.449843 0.317922 0.449843 0.317066 0.450235 0.316781 0.450627 0.317066 0.450235 0.316781 0.450235 0.316495 0.451019 0.315925 0.450627 0.315639 0.450627 0.315068 0.451019 0.314783 0.451019 0.313927 0.451411 0.313642 0.451411 0.313356 0.451803 0.313071 0.451803 0.312215 0.452194 0.311929 0.452194 0.311073 0.452586 0.310788 0.452586 0.310217 0.452978 0.309932 0.452978 0.308505 0.453370 0.308219 0.453370 0.307363 0.453762 0.307078 0.453762 0.305936 0.454154 0.305651 0.454154 0.299658 0.453762 0.299372 0.453762 0.298231 0.453370 0.297945 0.453370 0.296804 0.452978 0.296518 0.452978 0.295947 0.452586 0.295662 0.452586 0.294806 0.452194 0.294521 0.452194 0.293664 0.451803 0.293379 0.451803 0.293094 0.451019 0.292523 0.451019 0.290811 0.450627 0.291096 0.450235 0.290811 0.450235 0.290525 0.449843 0.290240 0.449843 0.289954 0.449451 0.289669 0.449451 0.289384 0.449060 0.289098 0.449060 0.288527 0.448668 0.288242 0.448668 0.287957 0.449060 0.287671 0.448276 0.287671 0.447884 0.287386 0.447884 0.286815 0.447100 0.286244 0.447100 0.285959 0.446708 0.285674 0.447100 0.285388 0.447492 0.285388 0.446708 0.285388 0.445533 0.284532 0.445533 0.284247 0.445141 0.284247 0.444749 0.283961 0.444749 0.283105 0.443966 0.283105 0.443574 0.282820 0.443574 0.282534 0.442398 0.281678 0.442006 0.281678 0.441614 0.281393 0.441614 0.281107 0.441223 0.280822 0.440831 0.280822 0.440439 0.280537 0.440439 0.280251 0.440047 0.280251 0.439263 0.279680 0.438871 0.279680 0.438480 0.279395 0.438480 0.279110 0.438088 0.279110 0.437304 0.278539 0.436912 0.278539 0.436129 0.277968 0.435737 0.277968 0.435345 0.277683 0.434953 0.277683 0.434561 0.277397 0.434169 0.277397 0.433777 0.277112 0.432994 0.277112 0.432210 0.276541 0.432210 0.276256 0.430251 0.276256 0.429859 0.275970 0.429467 0.275970 0.429075 0.275685 0.428683 0.275685 0.428292 0.275400 0.426332 0.275400 0.425940 0.275114 0.425940 0.274829 0.424765 0.274829 0.424373 0.274543 0.422414 0.274543 0.422022 0.274258 0.420455 0.274258 0.420063 0.273973
684 0.416928 0.305651 0.418103 0.305651 0.418887 0.306221 0.419279 0.306221 0.420455 0.307078 0.420455 0.308505 0.420846 0.308790 0.420846 0.309075 0.422414 0.310217 0.423197 0.310217 0.423589 0.310502 0.423981 0.310502 0.425157 0.311358 0.425549 0.311358 0.426724 0.312215 0.426332 0.312500 0.426724 0.312215 0.427900 0.313071 0.427900 0.313356 0.428292 0.313642 0.428292 0.313927 0.428683 0.314212 0.428683 0.314498 0.429075 0.314783 0.429075 0.315068 0.429467 0.315354 0.429467 0.318493 0.429075 0.318779 0.429075 0.319349 0.428683 0.319635 0.428683 0.320205 0.428292 0.320491 0.428292 0.320776 0.427508 0.321347 0.427508 0.321632 0.426724 0.322203 0.426332 0.322203 0.425549 0.322774 0.425157 0.322774 0.424373 0.323345 0.423981 0.323345 0.423589 0.323630 0.422806 0.323630 0.422414 0.323916 0.421630 0.323916 0.421238 0.324201 0.418887 0.324201 0.418495 0.324486 0.415752 0.324486 0.415361 0.324201 0.413401 0.324201 0.413009 0.323916 0.413401 0.323630 0.413009 0.323916 0.411050 0.323916 0.410658 0.323630 0.409875 0.323630 0.408699 0.322774 0.408307 0.322774 0.407132 0.321918 0.406740 0.321918 0.406348 0.321632 0.406348 0.321347 0.405564 0.320776 0.405564 0.320205 0.405172 0.319920 0.405172 0.319635 0.404781 0.319349 0.404781 0.317922 0.404389 0.317637 0.404389 0.316210 0.404781 0.315925 0.404781 0.315354 0.405172 0.315068 0.405172 0.314783 0.405956 0.314212 0.405956 0.313927 0.406740 0.313356 0.407132 0.313642 0.406740 0.313356 0.407132 0.313071 0.407132 0.312785 0.409091 0.311358 0.409091 0.311073 0.412226 0.308790 0.412618 0.308790 0.413009 0.308505 0.413401 0.308790 0.413009 0.308505 0.413793 0.307934 0.413793 0.307648 0.414185 0.307363 0.414185 0.306792 0.414969 0.306221 0.416144 0.306221 0.416536 0.306507 0.416144 0.306221
684 0.395376 0.293379 0.395768 0.293094 0.402038 0.293094 0.402429 0.293379 0.402821 0.293379 0.403605 0.293950 0.403997 0.293950 0.406740 0.295947 0.407132 0.295947 0.408307 0.296804 0.408307 0.297089 0.409483 0.297945 0.409483 0.298231 0.409875 0.298516 0.409483 0.298801 0.409875 0.298801 0.410266 0.299087 0.410266 0.299372 0.410658 0.299658 0.410658 0.299943 0.412226 0.301084 0.411834 0.301370 0.411050 0.301370 0.411442 0.301370 0.411834 0.301655 0.411442 0.301941 0.411442 0.302226 0.411050 0.302511 0.410658 0.302511 0.410658 0.302797 0.411050 0.303082 0.411050 0.303368 0.411442 0.303653 0.411442 0.303938 0.411050 0.304224 0.410658 0.303938 0.410658 0.304509 0.411050 0.304795 0.411050 0.305365 0.411442 0.305651 0.410658 0.306221 0.410658 0.306507 0.410266 0.306792 0.409875 0.306792 0.409483 0.307078 0.409483 0.307363 0.408307 0.308219 0.407524 0.308219 0.407524 0.308790 0.407132 0.309075 0.406740 0.309075 0.405956 0.309646 0.405564 0.309646 0.405564 0.309932 0.403213 0.311644 0.402821 0.311644 0.402038 0.312215 0.401254 0.312215 0.400862 0.312500 0.400470 0.312500 0.400078 0.312785 0.397727 0.312785 0.397335 0.312500 0.396944 0.312500 0.396552 0.312215 0.396552 0.311929 0.396160 0.312215 0.395768 0.311929 0.395376 0.311929 0.393809 0.310788 0.394201 0.310502 0.394592 0.310502 0.394201 0.310502 0.393809 0.310788 0.392241 0.309646 0.392241 0.309075 0.391458 0.308505 0.391458 0.308219 0.391066 0.307934 0.391066 0.307648 0.390674 0.307363 0.390674 0.306792 0.390282 0.306507 0.390282 0.305936 0.389890 0.305651 0.389890 0.305080 0.389498 0.304795 0.389498 0.303653 0.389107 0.303368 0.389107 0.301370 0.389498 0.301084 0.390282 0.301084 0.389890 0.301084 0.389498 0.300799 0.389498 0.300514 0.389890 0.300228 0.389890 0.299372 0.390282 0.299087 0.390282 0.297660 0.390674 0.297374 0.390674 0.296804 0.391066 0.296518 0.391066 0.296233 0.391458 0.295947 0.391458 0.295662 0.392633 0.294806 0.392633 0.294521 0.393025 0.294235 0.394201 0.294235 0.394592 0.293950 0.394592 0.293664 0.394984 0.293379
684 0.431034 0.292808 0.431426 0.292523 0.432210 0.292523 0.432602 0.292808 0.433386 0.292808 0.433777 0.293094 0.434561 0.293094 0.434953 0.293379 0.435345 0.293379 0.436520 0.294235 0.436912 0.294235 0.438088 0.295091 0.438480 0.295091 0.439263 0.295662 0.439263 0.295947 0.439655 0.296233 0.439655 0.296518 0.440047 0.296804 0.440047 0.297089 0.440439 0.297374 0.440439 0.297660 0.440831 0.297945 0.440831 0.298231 0.441223 0.298516 0.441223 0.301941 0.440831 0.302226 0.440831 0.303938 0.440439 0.304224 0.440439 0.305651 0.440047 0.305936 0.440047 0.306507 0.439655 0.306792 0.439655 0.307934 0.439263 0.308219 0.439263 0.308505 0.438871 0.308790 0.438871 0.309646 0.436129 0.311644 0.435737 0.311358 0.436129 0.311644 0.435737 0.311929 0.434953 0.311929 0.434561 0.312215 0.432210 0.312215 0.431818 0.311929 0.431426 0.311929 0.431034 0.311644 0.430643 0.311644 0.428683 0.310217 0.428683 0.309932 0.428292 0.309932 0.427900 0.309646 0.427900 0.309361 0.427508 0.309075 0.427508 0.308505 0.426724 0.307934 0.426724 0.307363 0.425940 0.306792 0.425940 0.306507 0.425549 0.306221 0.424373 0.306221 0.423981 0.305936 0.423197 0.305936 0.421630 0.304795 0.422022 0.304509 0.421630 0.304795 0.420455 0.303938 0.420846 0.303653 0.420455 0.303938 0.420063 0.303938 0.419671 0.303653 0.419671 0.301370 0.420063 0.301084 0.420063 0.300799 0.420455 0.300514 0.420846 0.300799 0.420455 0.300514 0.420846 0.300228 0.421238 0.300228 0.423589 0.298516 0.423981 0.298801 0.423589 0.298516 0.424765 0.297660 0.424765 0.297374 0.425940 0.296518 0.425940 0.296233 0.426724 0.295662 0.427116 0.295947 0.426724 0.295662 0.427116 0.295377 0.427116 0.295091 0.428683 0.293950 0.429075 0.294235 0.429467 0.293950 0.429075 0.293664 0.429859 0.293094 0.430251 0.293379 0.430643 0.293379 0.430251 0.293379 0.429859 0.293094 0.430251 0.292808
684 0.418495 0.284247 0.418887 0.283961 0.421630 0.283961 0.422022 0.284247 0.422806 0.284247 0.423589 0.284817 0.423197 0.285103 0.423589 0.284817 0.424373 0.285388 0.424373 0.285674 0.424765 0.285959 0.424765 0.286244 0.425157 0.286530 0.425157 0.286815 0.425549 0.287100 0.425157 0.287386 0.425549 0.287100 0.426332 0.287671 0.426332 0.287957 0.426724 0.288242 0.426724 0.288527 0.427116 0.288813 0.427116 0.289098 0.426724 0.289384 0.426724 0.289669 0.426724 0.289384 0.427116 0.289098 0.427508 0.289384 0.427508 0.290240 0.427116 0.290525 0.427116 0.290811 0.426724 0.291096 0.426724 0.291381 0.426332 0.291667 0.426332 0.291952 0.425940 0.292237 0.425940 0.292523 0.425157 0.293094 0.425157 0.293379 0.423589 0.294521 0.423589 0.294806 0.423197 0.295091 0.423197 0.295377 0.422806 0.295662 0.422806 0.295947 0.421238 0.297089 0.420846 0.297089 0.420063 0.297660 0.419671 0.297660 0.418887 0.298231 0.418495 0.297945 0.418887 0.298231 0.418103 0.298801 0.418103 0.299087 0.417320 0.299658 0.416928 0.299658 0.416536 0.299372 0.416144 0.299372 0.415752 0.299658 0.414969 0.299658 0.414577 0.299372 0.414969 0.299087 0.414577 0.299372 0.413793 0.298801 0.413793 0.298516 0.413401 0.298231 0.413401 0.297945 0.413009 0.297660 0.413401 0.297374 0.413009 0.297374 0.412618 0.297089 0.412618 0.296804 0.413009 0.296518 0.412618 0.296804 0.411834 0.296233 0.411834 0.295947 0.411050 0.295377 0.411442 0.295091 0.411050 0.295377 0.410658 0.295091 0.410658 0.294806 0.409091 0.293664 0.409091 0.293379 0.407915 0.292523 0.408307 0.292237 0.407915 0.292523 0.406740 0.291667 0.407132 0.291381 0.406740 0.291667 0.405564 0.290811 0.405956 0.290525 0.405956 0.289954 0.405564 0.289669 0.405564 0.289098 0.407132 0.287957 0.407132 0.287671 0.407524 0.287386 0.408699 0.287386 0.408307 0.287100 0.409483 0.286244 0.409875 0.286244 0.410658 0.285674 0.411050 0.285674 0.411834 0.285103 0.412618 0.285103 0.413009 0.284817 0.414577 0.284817 0.414969 0.284532 0.416144 0.284532 0.416536 0.284817 0.416536 0.284532 0.416928 0.284247
715 0.887931 0.230594 0.887539 0.230879 0.885188 0.230879 0.884796 0.231164 0.883229 0.231164 0.882837 0.231450 0.880094 0.231450 0.879702 0.231735 0.879310 0.231450 0.878918 0.231450 0.878527 0.231164 0.877743 0.231164 0.877351 0.231450 0.876959 0.231450 0.876959 0.232306 0.876567 0.232591 0.876176 0.232591 0.875784 0.232877 0.874608 0.232877 0.874216 0.233162 0.873824 0.233162 0.873433 0.233447 0.873041 0.233447 0.872649 0.233733 0.871473 0.233733 0.871473 0.234018 0.871082 0.234304 0.870298 0.234304 0.869906 0.234589 0.869514 0.234589 0.868730 0.235160 0.867947 0.235160 0.867555 0.235445 0.867163 0.235445 0.866379 0.236016 0.865987 0.236016 0.865596 0.236301 0.865204 0.236016 0.865596 0.236301 0.864028 0.237443 0.863636 0.237443 0.860110 0.240011 0.860110 0.240297 0.858934 0.241153 0.858934 0.241724 0.858542 0.242009 0.858150 0.242009 0.858150 0.242295 0.857759 0.242580 0.857759 0.242865 0.857367 0.243151 0.857367 0.243436 0.856975 0.243721 0.856975 0.244007 0.856191 0.244578 0.856191 0.244863 0.855799 0.245148 0.855799 0.245719 0.855408 0.246005 0.855408 0.246290 0.854624 0.246861 0.854624 0.247146 0.854232 0.247432 0.854232 0.248002 0.853840 0.248288 0.853840 0.248573 0.853448 0.248858 0.853448 0.249144 0.853056 0.249429 0.853056 0.249715 0.852665 0.250000 0.852665 0.250856 0.851881 0.251427 0.851489 0.251142 0.851881 0.251427 0.851881 0.251998 0.851489 0.252283 0.851489 0.252854 0.851097 0.253139 0.851097 0.253710 0.850705 0.253995 0.850705 0.254852 0.850313 0.255137 0.850313 0.255422 0.849922 0.255708 0.849922 0.256849 0.849530 0.257135 0.849530 0.258562 0.849138 0.258847 0.849138 0.262272 0.849530 0.262557 0.849530 0.264840 0.849922 0.265126 0.849922 0.266553 0.849530 0.266838 0.849922 0.266838 0.850313 0.267123 0.850313 0.268836 0.850705 0.269121 0.850705 0.270548 0.851097 0.270833 0.851097 0.272546 0.851489 0.272831 0.851489 0.273402 0.851881 0.273687 0.851881 0.274543 0.852273 0.274829 0.852273 0.275400 0.852665 0.275685 0.852665 0.276826 0.853448 0.277397 0.853448 0.277683 0.853840 0.277968 0.853840 0.278253 0.854232 0.278539 0.854232 0.278824 0.854624 0.279110 0.854624 0.279680 0.856583 0.281107 0.856583 0.281393 0.858934 0.283105 0.858934 0.283390 0.859326 0.283390 0.860110 0.283961 0.860502 0.283961 0.862069 0.285103 0.862461 0.285103 0.864028 0.286244 0.864812 0.286244 0.865204 0.286530 0.865204 0.286815 0.865987 0.286815 0.866771 0.287386 0.867163 0.287386 0.867555 0.287671 0.867947 0.287671 0.868730 0.288242 0.869122 0.288242 0.869514 0.288527 0.869906 0.288527 0.870298 0.288813 0.871082 0.288813 0.872257 0.289669 0.873433 0.289669 0.874216 0.290240 0.874608 0.290240 0.875000 0.290525 0.875392 0.290525 0.875784 0.290811 0.876567 0.290811 0.876959 0.291096 0.877351 0.291096 0.877743 0.291381 0.878527 0.291381 0.878918 0.291667 0.879310 0.291667 0.879702 0.291952 0.880486 0.291952 0.880878 0.292237 0.881270 0.292237 0.881661 0.292523 0.883621 0.292523 0.884013 0.292808 0.884404 0.292808 0.884796 0.293094 0.894592 0.293094 0.894984 0.292808 0.895768 0.292808 0.896160 0.293094 0.896160 0.292808 0.896552 0.292523 0.898119 0.292523 0.898511 0.292237 0.899295 0.292237 0.899687 0.291952 0.901254 0.291952 0.901646 0.291667 0.902429 0.291667 0.902821 0.291381 0.903605 0.291381 0.903997 0.291096 0.905172 0.291096 0.905564 0.290811 0.905956 0.290811 0.906348 0.290525 0.906740 0.290525 0.907132 0.290240 0.907915 0.290240 0.908307 0.289954 0.908699 0.289954 0.909091 0.289669 0.910266 0.289669 0.911050 0.289098 0.911442 0.289098 0.911834 0.288813 0.912226 0.288813 0.912618 0.288527 0.913401 0.288527 0.914185 0.287957 0.914969 0.287957 0.914969 0.287671 0.915361 0.287386 0.916144 0.287386 0.917320 0.286530 0.917712 0.286530 0.918495 0.285959 0.918887 0.285959 0.920455 0.284817 0.920846 0.284817 0.921238 0.284532 0.921238 0.284247 0.924373 0.281963 0.924373 0.281678 0.925157 0.281107 0.925157 0.280822 0.925940 0.280251 0.925940 0.279966 0.926332 0.279680 0.926332 0.279395 0.926724 0.279110 0.926724 0.278824 0.927116 0.278539 0.927116 0.278253 0.927508 0.277968 0.927508 0.277112 0.928292 0.276541 0.928292 0.276256 0.928683 0.275970 0.928683 0.275400 0.929075 0.275114 0.929075 0.274543 0.929467 0.274258 0.929467 0.273973 0.929859 0.273687 0.929859 0.273402 0.930251 0.273116 0.930251 0.272260 0.930643 0.271975 0.930643 0.271689 0.931034 0.271404 0.931034 0.270833 0.931426 0.270548 0.931426 0.270263 0.931818 0.269977 0.931818 0.269406 0.932210 0.269121 0.932210 0.268836 0.932602 0.268550 0.932602 0.267694 0.932994 0.267409 0.932994 0.267123 0.933386 0.266838 0.933386 0.266267 0.933777 0.265982 0.933777 0.262557 0.934169 0.262272 0.934169 0.261416 0.933777 0.261130 0.933777 0.257420 0.933386 0.257135 0.933386 0.255993 0.932994 0.255708 0.932994 0.255137 0.932602 0.254852 0.932602 0.253710 0.931818 0.253139 0.931818 0.251998 0.931426 0.251712 0.931426 0.250856 0.931034 0.250571 0.931034 0.250285 0.930643 0.250000 0.930643 0.249144 0.929859 0.248573 0.929859 0.248288 0.929467 0.248002 0.929467 0.247432 0.929075 0.247146 0.929075 0.246575 0.928683 0.246290 0.928683 0.246005 0.927508 0.245148 0.927508 0.244578 0.926724 0.244007 0.926724 0.243721 0.925940 0.243151 0.925940 0.242865 0.925157 0.242295 0.925157 0.242009 0.924765 0.242009 0.924373 0.241724 0.924373 0.241438 0.923589 0.240868 0.923589 0.240582 0.922806 0.240011 0.922806 0.239726 0.922414 0.239726 0.922022 0.239441 0.922022 0.239155 0.921630 0.239155 0.921238 0.238870 0.921238 0.238584 0.920846 0.238584 0.919279 0.237443 0.918887 0.237443 0.917712 0.236587 0.917320 0.236587 0.916536 0.236016 0.916144 0.236016 0.915752 0.235731 0.915361 0.235731 0.914577 0.235160 0.914185 0.235160 0.913401 0.234589 0.913009 0.234589 0.912618 0.234304 0.912226 0.234304 0.911834 0.234018 0.911050 0.234018 0.910658 0.233733 0.910266 0.233733 0.909875 0.233447 0.909483 0.233447 0.908699 0.232877 0.907524 0.232877 0.907132 0.232591 0.906740 0.232591 0.906348 0.232306 0.905564 0.232306 0.905172 0.232021 0.904389 0.232021 0.903997 0.231735 0.902821 0.231735 0.902429 0.231450 0.901646 0.231450 0.901254 0.231164 0.898903 0.231164 0.898511 0.230879 0.896552 0.230879 0.896160 0.230594
715 0.901254 0.263984 0.903997 0.263984 0.904389 0.264269 0.905564 0.264269 0.905956 0.264555 0.907132 0.264555 0.907524 0.264840 0.908307 0.264840 0.908699 0.265126 0.909483 0.265126 0.909875 0.265411 0.910266 0.265411 0.911442 0.266267 0.911834 0.266267 0.912226 0.266553 0.912226 0.266838 0.913009 0.267409 0.913009 0.269977 0.912618 0.270263 0.912618 0.270833 0.912226 0.271119 0.912226 0.271975 0.911834 0.272260 0.911834 0.272546 0.911442 0.272831 0.911442 0.273116 0.911050 0.273402 0.911050 0.273687 0.910658 0.273973 0.910266 0.273973 0.908699 0.275114 0.908307 0.275114 0.908307 0.275400 0.907915 0.275685 0.907915 0.275970 0.907132 0.276541 0.907132 0.276826 0.905172 0.278253 0.905172 0.278539 0.903605 0.279680 0.903213 0.279680 0.902821 0.279966 0.902429 0.279966 0.902038 0.280251 0.900862 0.280251 0.900470 0.279966 0.899687 0.279966 0.899295 0.279680 0.898903 0.279680 0.898511 0.279395 0.898119 0.279395 0.896944 0.278539 0.896552 0.278539 0.896160 0.278253 0.896160 0.277968 0.895768 0.277683 0.896160 0.277397 0.895768 0.277397 0.894984 0.276826 0.894984 0.276256 0.894592 0.275970 0.894592 0.275114 0.894201 0.274829 0.894201 0.274258 0.894592 0.273973 0.894201 0.273687 0.894201 0.272546 0.893809 0.272260 0.893809 0.269121 0.894201 0.268836 0.894201 0.268265 0.894592 0.267979 0.894592 0.267694 0.895768 0.266838 0.896160 0.266838 0.895768 0.266553 0.895768 0.264840 0.896552 0.264269 0.897335 0.264269 0.897727 0.264555 0.900470 0.264555
715 0.872649 0.261701 0.875000 0.261701 0.875392 0.261986 0.877743 0.261986 0.878135 0.262272 0.887931 0.262272 0.888323 0.262557 0.888323 0.262842 0.888715 0.262842 0.889107 0.263128 0.889107 0.262842 0.889498 0.262557 0.890282 0.263128 0.890282 0.263984 0.889107 0.264840 0.889107 0.267409 0.888715 0.267694 0.888715 0.268550 0.888323 0.268836 0.888323 0.269121 0.887931 0.269406 0.887931 0.270263 0.887539 0.270548 0.887147 0.270263 0.887147 0.269977 0.887147 0.270263 0.887539 0.270548 0.887539 0.270833 0.887147 0.271119 0.887147 0.271975 0.886755 0.272260 0.886755 0.272831 0.886364 0.273116 0.886364 0.273687 0.885972 0.273973 0.885972 0.275114 0.885580 0.275400 0.885580 0.275970 0.885188 0.276256 0.885188 0.276541 0.884796 0.276826 0.884796 0.277112 0.884013 0.277683 0.884013 0.278253 0.883621 0.278539 0.883229 0.278539 0.882445 0.279110 0.882445 0.279395 0.882053 0.279680 0.881661 0.279680 0.881270 0.279966 0.880878 0.279966 0.880486 0.280251 0.880094 0.280251 0.879310 0.280822 0.878135 0.280822 0.877743 0.280537 0.877351 0.280537 0.876959 0.280251 0.877351 0.279966 0.876959 0.280251 0.876567 0.280251 0.874216 0.278539 0.873824 0.278539 0.873433 0.278253 0.873433 0.277968 0.872257 0.277112 0.872257 0.276826 0.871865 0.276541 0.872257 0.276256 0.872649 0.276256 0.871865 0.276256 0.871473 0.275970 0.871473 0.275685 0.871082 0.275400 0.871082 0.275114 0.870690 0.274829 0.870690 0.274258 0.870298 0.273973 0.870298 0.273402 0.869906 0.273116 0.869906 0.272831 0.869514 0.272546 0.869514 0.272260 0.867555 0.270833 0.867555 0.270548 0.866771 0.269977 0.866771 0.269692 0.865987 0.269121 0.865987 0.267123 0.866379 0.266838 0.866379 0.266553 0.866771 0.266267 0.866771 0.265982 0.867163 0.265696 0.867163 0.265411 0.867947 0.264840 0.867947 0.264555 0.868339 0.264269 0.868730 0.264269 0.868730 0.263984 0.870298 0.262842 0.870690 0.262842 0.871473 0.262272 0.871865 0.262272
715 0.903605 0.242295 0.903997 0.242009 0.904389 0.242009 0.904781 0.242295 0.905172 0.242009 0.906740 0.242009 0.907132 0.242295 0.907915 0.242295 0.908307 0.242580 0.909091 0.242580 0.909483 0.242865 0.909875 0.242865 0.910266 0.243151 0.910658 0.243151 0.912226 0.244292 0.912226 0.244578 0.914185 0.246005 0.914185 0.246290 0.914969 0.246861 0.914969 0.247146 0.915361 0.247432 0.915361 0.248002 0.915752 0.248288 0.915752 0.249429 0.916144 0.249715 0.916144 0.250285 0.916536 0.250571 0.916536 0.251427 0.916928 0.251712 0.916928 0.251998 0.917320 0.252283 0.917320 0.252854 0.917712 0.253139 0.917712 0.255422 0.917320 0.255708 0.917320 0.256279 0.916928 0.256564 0.916928 0.256849 0.916536 0.257135 0.916536 0.257705 0.916144 0.257991 0.915752 0.257991 0.915752 0.258276 0.915361 0.258562 0.915361 0.259132 0.914577 0.259703 0.914577 0.259989 0.914185 0.260274 0.913793 0.260274 0.913793 0.260559 0.912618 0.261416 0.912618 0.261701 0.912226 0.261986 0.911834 0.261986 0.911442 0.262272 0.910658 0.262272 0.910266 0.262557 0.903997 0.262557 0.903605 0.262272 0.901254 0.262272 0.900862 0.262557 0.899295 0.262557 0.898903 0.262272 0.898511 0.262272 0.898119 0.261986 0.898511 0.261701 0.898903 0.261701 0.898511 0.261701 0.898119 0.261986 0.897335 0.261416 0.897727 0.261130 0.898119 0.261130 0.896944 0.261130 0.896160 0.260559 0.896160 0.260274 0.895768 0.260274 0.895376 0.259989 0.895376 0.259703 0.894984 0.259418 0.894984 0.258562 0.895376 0.258276 0.895376 0.256279 0.894984 0.255993 0.894984 0.254852 0.895376 0.254566 0.895376 0.250571 0.895768 0.250285 0.895768 0.249715 0.896160 0.249429 0.896160 0.248858 0.896552 0.248573 0.896552 0.247717 0.896944 0.247432 0.897335 0.247717 0.897335 0.248002 0.897335 0.247717 0.896944 0.247432 0.896944 0.247146 0.897335 0.246861 0.897335 0.246575 0.897727 0.246290 0.897727 0.246005 0.898903 0.245148 0.899295 0.245434 0.898903 0.245148 0.900078 0.244292 0.900470 0.244578 0.900078 0.244292 0.900078 0.244007 0.900470 0.243721 0.900862 0.243721 0.902038 0.242865 0.902429 0.243151 0.902429 0.242865 0.903213 0.242295
715 0.882837 0.240582 0.883229 0.240297 0.885188 0.240297 0.885580 0.240582 0.885972 0.240582 0.886364 0.240868 0.886755 0.240868 0.887539 0.241438 0.887931 0.241438 0.888323 0.241724 0.888715 0.241724 0.889890 0.242580 0.889890 0.242865 0.890282 0.243151 0.890282 0.243436 0.890674 0.243721 0.890674 0.250571 0.890282 0.250856 0.890282 0.253995 0.890674 0.254281 0.890674 0.254566 0.890282 0.254852 0.890674 0.254566 0.891458 0.255137 0.891066 0.255422 0.890674 0.255422 0.891458 0.255422 0.891850 0.255708 0.891850 0.255993 0.890674 0.256849 0.890674 0.257135 0.890282 0.257420 0.890282 0.258562 0.889498 0.259132 0.889107 0.259132 0.888323 0.259703 0.888323 0.259989 0.887931 0.260274 0.887539 0.260274 0.887147 0.260559 0.882837 0.260559 0.882445 0.260274 0.881661 0.260274 0.881270 0.259989 0.880878 0.259989 0.880486 0.259703 0.880094 0.259703 0.879702 0.259418 0.879310 0.259418 0.878918 0.259132 0.877743 0.259132 0.877351 0.258847 0.876959 0.258847 0.876567 0.258562 0.875784 0.258562 0.875392 0.258276 0.874608 0.258276 0.871082 0.255708 0.871082 0.255422 0.870690 0.255137 0.871082 0.254852 0.870690 0.255137 0.869906 0.254566 0.869906 0.253995 0.869514 0.253710 0.869514 0.251142 0.869906 0.250856 0.869906 0.250571 0.870298 0.250285 0.870298 0.250000 0.870690 0.249715 0.871082 0.250000 0.870690 0.249715 0.870690 0.249429 0.872257 0.248288 0.872257 0.248002 0.872649 0.247717 0.872649 0.247432 0.873433 0.246861 0.873433 0.246290 0.873824 0.246005 0.873824 0.245719 0.876567 0.243721 0.876959 0.244007 0.877351 0.243721 0.877351 0.243436 0.876959 0.243151 0.879310 0.241438 0.879702 0.241724 0.879310 0.241438 0.879702 0.241153 0.880094 0.241153 0.880878 0.240582
741 0.580721 0.210616 0.580329 0.210902 0.578370 0.210902 0.577978 0.211187 0.576803 0.211187 0.576411 0.211473 0.575627 0.211473 0.575235 0.211758 0.574451 0.211758 0.574060 0.212043 0.573668 0.212043 0.573276 0.212329 0.572492 0.212329 0.572100 0.212614 0.571708 0.212614 0.571317 0.212900 0.570533 0.212900 0.570141 0.213185 0.569357 0.213185 0.568574 0.213756 0.568182 0.213756 0.567790 0.214041 0.567006 0.214041 0.566223 0.214612 0.562304 0.214612 0.562696 0.214897 0.561912 0.215468 0.561520 0.215468 0.561520 0.215753 0.561912 0.216039 0.561912 0.216324 0.561129 0.216895 0.560345 0.216895 0.559561 0.217466 0.559169 0.217466 0.558777 0.217751 0.558386 0.217751 0.557602 0.218322 0.557210 0.218322 0.556818 0.218607 0.556426 0.218607 0.555643 0.219178 0.555251 0.219178 0.554859 0.219463 0.554859 0.219749 0.554467 0.220034 0.554075 0.220034 0.552900 0.220890 0.552900 0.221176 0.552508 0.221461 0.552116 0.221461 0.551724 0.221747 0.551724 0.222032 0.550549 0.222888 0.550549 0.223174 0.549373 0.224030 0.549373 0.224315 0.548981 0.224600 0.548981 0.224886 0.548589 0.225171 0.548589 0.225742 0.548197 0.226027 0.547806 0.226027 0.547806 0.226598 0.547414 0.226884 0.547414 0.227454 0.547022 0.227740 0.547022 0.228025 0.546630 0.228311 0.546630 0.228596 0.546238 0.228881 0.546238 0.229167 0.545455 0.229737 0.545455 0.230879 0.545063 0.231164 0.545063 0.231450 0.544671 0.231735 0.544671 0.232021 0.544279 0.232306 0.544279 0.232877 0.543887 0.233162 0.543887 0.234874 0.543495 0.235160 0.543103 0.235160 0.543103 0.237158 0.542712 0.237443 0.542712 0.244007 0.543103 0.244292 0.543103 0.245434 0.543495 0.245719 0.543495 0.246005 0.543887 0.246290 0.543887 0.246861 0.544279 0.247146 0.544279 0.247432 0.544671 0.247717 0.544671 0.248573 0.545455 0.249144 0.545455 0.250856 0.546630 0.251712 0.546630 0.252283 0.547022 0.252568 0.547022 0.253139 0.547806 0.253710 0.547806 0.254281 0.548197 0.254566 0.548197 0.255137 0.547806 0.255422 0.548197 0.255137 0.548981 0.255708 0.548981 0.256279 0.549765 0.256849 0.549765 0.257420 0.550549 0.257991 0.550549 0.258276 0.551724 0.259132 0.551724 0.259703 0.552116 0.259703 0.552900 0.260274 0.552900 0.260559 0.554075 0.261416 0.554075 0.261701 0.554467 0.261701 0.554859 0.261986 0.554859 0.262272 0.555251 0.262272 0.556426 0.263128 0.556818 0.263128 0.558386 0.264269 0.559169 0.264269 0.560345 0.265126 0.560737 0.265126 0.561129 0.265411 0.561520 0.265411 0.562304 0.265982 0.562696 0.265982 0.563480 0.266553 0.563871 0.266553 0.564263 0.266838 0.564655 0.266838 0.565439 0.267409 0.565831 0.267409 0.566614 0.267979 0.567398 0.267979 0.567790 0.268265 0.568574 0.268265 0.568966 0.268550 0.570141 0.268550 0.570533 0.268836 0.571317 0.268836 0.571708 0.269121 0.573276 0.269121 0.573668 0.269406 0.574451 0.269406 0.574843 0.269692 0.585031 0.269692 0.585423 0.269406 0.586599 0.269406 0.586991 0.269121 0.588950 0.269121 0.589342 0.268836 0.590517 0.268836 0.590909 0.268550 0.591693 0.268550 0.592085 0.268836 0.591693 0.268550 0.592085 0.268265 0.592868 0.268265 0.593260 0.267979 0.594044 0.267979 0.594436 0.267694 0.595219 0.267694 0.595611 0.267409 0.596003 0.267409 0.596395 0.267123 0.596787 0.267123 0.597179 0.266838 0.597571 0.266838 0.597962 0.266553 0.598354 0.266553 0.598746 0.266267 0.599138 0.266267 0.599530 0.266553 0.599138 0.266267 0.599530 0.265982 0.599922 0.265982 0.600705 0.265411 0.601097 0.265411 0.601881 0.264840 0.602273 0.264840 0.602665 0.264555 0.603448 0.264555 0.604232 0.263984 0.604624 0.263984 0.605408 0.263413 0.605799 0.263413 0.606191 0.263128 0.606583 0.263128 0.607759 0.262272 0.608150 0.262272 0.608934 0.261701 0.609326 0.261701 0.609718 0.261416 0.610110 0.261416 0.611285 0.260559 0.611677 0.260559 0.612853 0.259703 0.613245 0.259989 0.612853 0.259703 0.614028 0.258847 0.614028 0.258562 0.614420 0.258276 0.614812 0.258276 0.614812 0.257991 0.615596 0.257420 0.615596 0.257135 0.615987 0.256849 0.615987 0.256564 0.616771 0.255993 0.616771 0.255422 0.617163 0.255137 0.617163 0.254852 0.617947 0.254281 0.617947 0.253425 0.618339 0.253139 0.618339 0.252854 0.618730 0.252568 0.618730 0.251427 0.619122 0.251142 0.619122 0.250571 0.619514 0.250285 0.619514 0.249715 0.619906 0.249429 0.619906 0.248573 0.620298 0.248288 0.620298 0.246575 0.620690 0.246290 0.620690 0.244292 0.621082 0.244007 0.621082 0.242009 0.621473 0.241724 0.621473 0.239726 0.621865 0.239441 0.621865 0.236587 0.621473 0.236301 0.621473 0.233447 0.621082 0.233162 0.621082 0.232306 0.620690 0.232021 0.620690 0.231450 0.620298 0.231164 0.620298 0.229452 0.619514 0.228881 0.619514 0.228311 0.619122 0.228025 0.619122 0.227454 0.618730 0.227169 0.618730 0.226598 0.618339 0.226313 0.618339 0.226027 0.617947 0.225742 0.617947 0.225457 0.617555 0.225171 0.617555 0.224886 0.617163 0.224600 0.617163 0.224315 0.616771 0.224030 0.616771 0.223744 0.616379 0.223459 0.616379 0.223174 0.615987 0.222888 0.615987 0.222603 0.615596 0.222317 0.615596 0.222032 0.615204 0.221747 0.615204 0.221461 0.614812 0.221461 0.614028 0.220890 0.614028 0.220320 0.612461 0.219178 0.612461 0.218893 0.608542 0.216039 0.608150 0.216039 0.607759 0.215753 0.607759 0.215468 0.607367 0.215468 0.606975 0.215183 0.606191 0.215183 0.605408 0.214612 0.604624 0.214612 0.603840 0.214041 0.603448 0.214041 0.603056 0.213756 0.601881 0.213756 0.601489 0.213470 0.601489 0.213185 0.599922 0.213185 0.599530 0.212900 0.598746 0.212900 0.598354 0.212614 0.598354 0.212329 0.597962 0.212614 0.597571 0.212329 0.595611 0.212329 0.594828 0.211758 0.593652 0.211758 0.593260 0.211473 0.592085 0.211473 0.591693 0.211187 0.590909 0.211187 0.590517 0.210902 0.589342 0.210902 0.588950 0.210616
741 0.580329 0.242009 0.580721 0.241724 0.581505 0.241724 0.581897 0.242009 0.582288 0.242009 0.582680 0.241724 0.583072 0.242009 0.583464 0.242009 0.583856 0.242295 0.584248 0.242295 0.585423 0.243151 0.585423 0.243436 0.585815 0.243721 0.585815 0.244007 0.587382 0.245148 0.587382 0.245434 0.588558 0.246290 0.588950 0.246290 0.589342 0.246575 0.589342 0.246861 0.590125 0.246861 0.591693 0.248002 0.592085 0.248002 0.592476 0.248288 0.592476 0.248573 0.592868 0.248573 0.593260 0.248858 0.593260 0.249429 0.593652 0.249715 0.593652 0.250571 0.594044 0.250856 0.594044 0.251142 0.594436 0.251427 0.594436 0.251998 0.594828 0.252283 0.594828 0.253139 0.595219 0.253425 0.595219 0.255137 0.594828 0.255422 0.594828 0.255993 0.593652 0.256849 0.593260 0.256849 0.592476 0.257420 0.592085 0.257420 0.591301 0.257991 0.590125 0.257991 0.589734 0.258276 0.589342 0.258276 0.588950 0.258562 0.588558 0.258562 0.587774 0.259132 0.586991 0.259132 0.586599 0.259418 0.585423 0.259418 0.585031 0.259703 0.583072 0.259703 0.582680 0.259418 0.581113 0.259418 0.580329 0.258847 0.579937 0.258847 0.579545 0.258562 0.579154 0.258562 0.578762 0.258276 0.578370 0.258276 0.577978 0.257991 0.576803 0.257991 0.576411 0.257705 0.575235 0.257705 0.574843 0.257420 0.574451 0.257420 0.574060 0.257135 0.573276 0.257135 0.572884 0.256849 0.572492 0.256849 0.571708 0.256279 0.571317 0.256279 0.570141 0.255422 0.570141 0.255137 0.569749 0.254852 0.570141 0.254566 0.570141 0.254281 0.569749 0.254281 0.569357 0.253995 0.569357 0.252568 0.568966 0.252283 0.569357 0.251998 0.569357 0.250285 0.569749 0.250000 0.569749 0.249429 0.570141 0.249144 0.570141 0.248858 0.570533 0.248573 0.570533 0.248288 0.572884 0.246575 0.573276 0.246575 0.572884 0.246290 0.572884 0.244292 0.574060 0.243436 0.574451 0.243436 0.574843 0.243151 0.575235 0.243151 0.575627 0.242865 0.576803 0.242865 0.577194 0.242580 0.577978 0.242580 0.578370 0.242295 0.578762 0.242295 0.579154 0.242009
741 0.559953 0.232591 0.560345 0.232306 0.563480 0.232306 0.563871 0.232591 0.564263 0.232591 0.564655 0.232877 0.565047 0.232877 0.565831 0.233447 0.566223 0.233447 0.566614 0.233733 0.567006 0.233733 0.567398 0.234018 0.567790 0.234018 0.568182 0.234304 0.568574 0.234304 0.568966 0.234589 0.568966 0.234874 0.569357 0.234589 0.569749 0.234874 0.570141 0.234874 0.570533 0.235160 0.570925 0.235160 0.571317 0.235445 0.571708 0.235445 0.572100 0.235731 0.572100 0.236016 0.572492 0.236016 0.573276 0.236587 0.574451 0.236587 0.574843 0.236872 0.575235 0.236872 0.575627 0.237158 0.576019 0.236872 0.576803 0.237443 0.576803 0.238299 0.577194 0.238584 0.577194 0.239155 0.576803 0.239441 0.577194 0.239726 0.577194 0.240011 0.577586 0.240297 0.577194 0.240582 0.576803 0.240582 0.576411 0.240868 0.575627 0.240868 0.572492 0.243151 0.572100 0.243151 0.571317 0.243721 0.571317 0.244007 0.570533 0.244578 0.570533 0.244863 0.570141 0.245148 0.570141 0.245434 0.567006 0.247717 0.566614 0.247717 0.566223 0.248002 0.563480 0.248002 0.563088 0.247717 0.562304 0.247717 0.561912 0.247432 0.561129 0.247432 0.560737 0.247146 0.560345 0.247146 0.559561 0.246575 0.559169 0.246575 0.558777 0.246290 0.558777 0.246005 0.558386 0.245719 0.558777 0.245434 0.558386 0.245719 0.557602 0.245148 0.557602 0.244863 0.557210 0.244578 0.557602 0.244292 0.557210 0.244292 0.556818 0.244007 0.556818 0.243436 0.556426 0.243151 0.556426 0.242295 0.556034 0.242009 0.556034 0.241724 0.555643 0.241438 0.555643 0.240868 0.554859 0.240297 0.554859 0.239155 0.554467 0.238870 0.554467 0.236872 0.554859 0.236587 0.554859 0.236016 0.555251 0.235731 0.555251 0.235160 0.555643 0.234874 0.555643 0.234589 0.556034 0.234304 0.556034 0.234018 0.557994 0.232591
741 0.582680 0.219463 0.583072 0.219178 0.583464 0.219463 0.585031 0.219463 0.585423 0.219749 0.587382 0.219749 0.587774 0.220034 0.589342 0.220034 0.589734 0.220320 0.590125 0.220320 0.590517 0.220605 0.591301 0.220605 0.592085 0.221176 0.592476 0.221176 0.594044 0.222317 0.594044 0.222888 0.596395 0.224600 0.596395 0.224886 0.597571 0.225742 0.597962 0.225742 0.598354 0.226027 0.599138 0.226027 0.599530 0.226313 0.600313 0.226313 0.600705 0.226598 0.601489 0.226598 0.603840 0.228311 0.603840 0.228596 0.604232 0.228881 0.604232 0.229167 0.605016 0.229737 0.605016 0.230023 0.605408 0.230308 0.605408 0.231735 0.605799 0.232021 0.605799 0.232591 0.606191 0.232877 0.606191 0.235731 0.606583 0.236016 0.606583 0.238299 0.606191 0.238584 0.606191 0.240868 0.606583 0.241153 0.606191 0.241438 0.606191 0.242295 0.605799 0.242580 0.605799 0.242865 0.605408 0.243151 0.605016 0.243151 0.605016 0.243436 0.604624 0.243721 0.604232 0.243721 0.603448 0.244292 0.603056 0.244292 0.602665 0.244578 0.602273 0.244578 0.601881 0.244292 0.601881 0.244578 0.601489 0.244863 0.599138 0.244863 0.598746 0.244578 0.599138 0.244863 0.598746 0.245148 0.597571 0.245148 0.597179 0.244863 0.595611 0.244863 0.595219 0.244578 0.595219 0.244292 0.594828 0.244578 0.594436 0.244292 0.593260 0.244292 0.592868 0.244007 0.592085 0.244007 0.591693 0.243721 0.590909 0.243721 0.590517 0.243436 0.589734 0.243436 0.588558 0.242580 0.588558 0.242009 0.588166 0.241724 0.588166 0.241438 0.586599 0.240297 0.586207 0.240297 0.585815 0.240011 0.585815 0.239726 0.585423 0.239726 0.584639 0.239155 0.584639 0.238870 0.583856 0.238299 0.583856 0.238014 0.584248 0.237728 0.583856 0.238014 0.583464 0.237728 0.583464 0.237443 0.583072 0.237158 0.583072 0.236872 0.580721 0.236872 0.580329 0.237158 0.579937 0.236872 0.579545 0.236872 0.579154 0.236587 0.579154 0.236301 0.577978 0.235445 0.578370 0.235160 0.577978 0.235445 0.577194 0.234874 0.576803 0.234874 0.576411 0.234589 0.573668 0.234589 0.573276 0.234304 0.572884 0.234304 0.572492 0.234018 0.572884 0.233733 0.572492 0.234018 0.571317 0.233162 0.570925 0.233162 0.570141 0.232591 0.570141 0.232306 0.569749 0.232306 0.568182 0.231164 0.568182 0.230879 0.567790 0.230594 0.567790 0.230308 0.567006 0.229737 0.567006 0.226598 0.567398 0.226313 0.567398 0.225457 0.567790 0.225171 0.567790 0.224886 0.568182 0.224600 0.568182 0.224315 0.568574 0.224030 0.568574 0.223744 0.568966 0.223459 0.568966 0.223174 0.569357 0.222888 0.569357 0.222603 0.571317 0.221176 0.571708 0.221176 0.572100 0.220890 0.573276 0.220890 0.573668 0.220605 0.575235 0.220605 0.575627 0.220320 0.577194 0.220320 0.577586 0.220034 0.578370 0.220034 0.578762 0.219749 0.579545 0.219749 0.579937 0.219463
762 0.247649 0.173231 0.247257 0.173516 0.244514 0.173516 0.244122 0.173801 0.243730 0.173801 0.243339 0.174087 0.241771 0.174087 0.240987 0.174658 0.240204 0.174658 0.239812 0.174943 0.239028 0.174943 0.238636 0.175228 0.237853 0.175228 0.237461 0.175514 0.237069 0.175514 0.236677 0.175799 0.235110 0.175799 0.234718 0.176084 0.234326 0.176084 0.233542 0.176655 0.232759 0.176655 0.232367 0.176941 0.231975 0.176941 0.231583 0.177226 0.231191 0.177226 0.230799 0.177511 0.230408 0.177511 0.229232 0.178368 0.228840 0.178368 0.228448 0.178653 0.228056 0.178653 0.226881 0.179509 0.226489 0.179509 0.226097 0.179795 0.225705 0.179795 0.225705 0.180080 0.225313 0.180365 0.224922 0.180365 0.224530 0.180651 0.224530 0.180936 0.222179 0.182648 0.221787 0.182648 0.221787 0.183219 0.219436 0.184932 0.219436 0.185502 0.218652 0.186073 0.218652 0.186358 0.218260 0.186644 0.218260 0.186929 0.217476 0.187500 0.217476 0.187785 0.217085 0.188071 0.217085 0.188642 0.216301 0.189212 0.216301 0.189783 0.215909 0.190068 0.215517 0.190068 0.215517 0.190639 0.215125 0.190925 0.215125 0.191210 0.214734 0.191495 0.214734 0.191781 0.214342 0.192066 0.214342 0.192352 0.213950 0.192637 0.213950 0.192922 0.213166 0.193493 0.213166 0.194635 0.212382 0.195205 0.212382 0.195491 0.211991 0.195776 0.211991 0.196632 0.211599 0.196918 0.211599 0.198059 0.211207 0.198345 0.211207 0.199201 0.210815 0.199486 0.210815 0.200628 0.210423 0.200913 0.210423 0.202911 0.210031 0.203196 0.210031 0.208048 0.210423 0.208333 0.210423 0.209760 0.210815 0.210046 0.210815 0.211758 0.211207 0.212043 0.211207 0.212614 0.211599 0.212900 0.211599 0.213470 0.211991 0.213756 0.211991 0.214326 0.212382 0.214612 0.212382 0.215468 0.213166 0.216039 0.213166 0.217466 0.214342 0.218322 0.214342 0.218893 0.215125 0.219463 0.215125 0.219749 0.215517 0.220034 0.215517 0.220605 0.215909 0.220890 0.215909 0.221176 0.217085 0.222032 0.217085 0.222317 0.217476 0.222603 0.217476 0.222888 0.218652 0.223744 0.218652 0.224030 0.219044 0.224030 0.219436 0.224315 0.219436 0.224886 0.219828 0.225171 0.220219 0.225171 0.222179 0.226598 0.222571 0.226598 0.223746 0.227454 0.224138 0.227454 0.224922 0.228025 0.225313 0.228025 0.225705 0.228311 0.225705 0.228596 0.226097 0.228596 0.226489 0.228881 0.226881 0.228881 0.227665 0.229452 0.228448 0.229452 0.228840 0.229737 0.229232 0.229737 0.230016 0.230308 0.231191 0.230308 0.231975 0.230879 0.232367 0.230879 0.232759 0.231164 0.233150 0.231164 0.233542 0.231450 0.233934 0.231450 0.234326 0.231735 0.234718 0.231735 0.235110 0.232021 0.235893 0.232021 0.236285 0.232306 0.236677 0.232306 0.237069 0.232591 0.238636 0.232591 0.239028 0.232877 0.239812 0.232877 0.240204 0.233162 0.242163 0.233162 0.242555 0.233447 0.244906 0.233447 0.245298 0.233733 0.254310 0.233733 0.254702 0.233447 0.256661 0.233447 0.257053 0.233162 0.257837 0.233162 0.258229 0.232877 0.258621 0.232877 0.259013 0.232591 0.260972 0.232591 0.261364 0.232306 0.261755 0.232306 0.262147 0.232021 0.262931 0.232021 0.263323 0.231735 0.264498 0.231735 0.264890 0.231450 0.265674 0.231450 0.266066 0.231164 0.266850 0.231164 0.267241 0.230879 0.267633 0.230879 0.268025 0.230594 0.269201 0.230594 0.269984 0.230023 0.270376 0.230023 0.270768 0.229737 0.271160 0.229737 0.271552 0.229452 0.272335 0.229452 0.272727 0.229167 0.273119 0.229167 0.273903 0.228596 0.274295 0.228596 0.275078 0.228025 0.275862 0.228025 0.276254 0.227740 0.276254 0.227454 0.277038 0.226884 0.277429 0.226884 0.278213 0.226313 0.278213 0.226027 0.278605 0.225742 0.279781 0.225742 0.279781 0.225171 0.280172 0.224886 0.280172 0.224600 0.280564 0.224315 0.280956 0.224315 0.280956 0.224030 0.280564 0.223744 0.280956 0.223459 0.281348 0.223459 0.281740 0.223744 0.281740 0.222888 0.282915 0.222032 0.282915 0.221461 0.283307 0.221176 0.283699 0.221176 0.283699 0.220890 0.284091 0.220605 0.284091 0.220034 0.284483 0.219749 0.284483 0.219463 0.284875 0.219178 0.284875 0.218607 0.286442 0.217466 0.286442 0.216895 0.286834 0.216610 0.286834 0.215753 0.287226 0.215468 0.287226 0.215183 0.288009 0.214612 0.288009 0.213185 0.288793 0.212614 0.288793 0.212329 0.289185 0.212043 0.289185 0.210046 0.289577 0.209760 0.289577 0.207763 0.289969 0.207477 0.290361 0.207477 0.290361 0.203196 0.289969 0.202911 0.289969 0.202626 0.290361 0.202340 0.290361 0.201484 0.289969 0.201199 0.289969 0.200057 0.289577 0.199772 0.289577 0.198059 0.289185 0.197774 0.289185 0.196918 0.288793 0.196632 0.288793 0.196347 0.288401 0.196062 0.288401 0.195776 0.288009 0.195491 0.288009 0.194064 0.287618 0.194064 0.287226 0.193779 0.287226 0.193208 0.286834 0.192922 0.286834 0.192637 0.286442 0.192352 0.286442 0.191781 0.286050 0.191495 0.286050 0.191210 0.285658 0.190925 0.285658 0.190354 0.285266 0.190068 0.285266 0.189498 0.284483 0.188927 0.284483 0.188642 0.284091 0.188356 0.284091 0.187785 0.282915 0.186929 0.282915 0.186358 0.282524 0.186073 0.282132 0.186073 0.281740 0.185788 0.281740 0.184932 0.281348 0.184932 0.279389 0.183505 0.279389 0.183219 0.276254 0.180936 0.275862 0.180936 0.275470 0.180651 0.275470 0.180080 0.275078 0.180080 0.274687 0.179795 0.274295 0.179795 0.273119 0.178938 0.272727 0.178938 0.272335 0.178653 0.271552 0.178653 0.269984 0.177511 0.269592 0.177511 0.269201 0.177226 0.268809 0.177226 0.268025 0.176655 0.267241 0.176655 0.266850 0.176370 0.266458 0.176370 0.266066 0.176084 0.265674 0.176084 0.265282 0.175799 0.264890 0.175799 0.264498 0.175514 0.264107 0.175514 0.263715 0.175228 0.263323 0.175228 0.262931 0.174943 0.262539 0.175228 0.262147 0.174943 0.260972 0.174943 0.260580 0.174658 0.260188 0.174658 0.259796 0.174372 0.258621 0.174372 0.258229 0.174087 0.257053 0.174087 0.256661 0.173801 0.255094 0.173801 0.254702 0.173516 0.250784 0.173516 0.250392 0.173231
762 0.247257 0.206050 0.247649 0.205765 0.249216 0.205765 0.249608 0.206050 0.250000 0.205765 0.250392 0.205765 0.250784 0.206050 0.250784 0.206621 0.251176 0.206336 0.251959 0.206906 0.251959 0.207477 0.252351 0.207477 0.252743 0.207763 0.252743 0.208333 0.253135 0.208619 0.253135 0.208904 0.253918 0.209475 0.253918 0.210046 0.254310 0.210331 0.254310 0.210616 0.255878 0.211758 0.255878 0.212043 0.257053 0.212900 0.257053 0.213470 0.257445 0.213756 0.257445 0.214041 0.257837 0.214326 0.257837 0.214612 0.258229 0.214897 0.258229 0.216039 0.258621 0.216324 0.258621 0.216610 0.259404 0.217180 0.259404 0.217466 0.259796 0.217751 0.259796 0.219463 0.259404 0.219749 0.259404 0.220034 0.259013 0.220320 0.259013 0.221176 0.258229 0.221747 0.258229 0.222032 0.257053 0.222888 0.256661 0.222888 0.256270 0.223174 0.255486 0.223174 0.255094 0.223459 0.253135 0.223459 0.252743 0.223744 0.247649 0.223744 0.247257 0.223459 0.242947 0.223459 0.242555 0.223174 0.241379 0.223174 0.240596 0.222603 0.240204 0.222603 0.239812 0.222317 0.240204 0.222032 0.239812 0.222317 0.239420 0.222032 0.239028 0.222032 0.236677 0.220320 0.236677 0.219749 0.236285 0.219463 0.236285 0.218037 0.235893 0.217751 0.235893 0.216610 0.236285 0.216324 0.236285 0.215468 0.236677 0.215183 0.237069 0.215468 0.237069 0.215183 0.236677 0.214897 0.236677 0.214612 0.237069 0.214326 0.237853 0.214326 0.237853 0.213756 0.239420 0.212614 0.239420 0.212329 0.239812 0.212043 0.239812 0.211758 0.240596 0.211187 0.240987 0.211473 0.240987 0.211187 0.240596 0.210902 0.240987 0.210616 0.240987 0.210046 0.241379 0.209760 0.241771 0.209760 0.241771 0.209475 0.242163 0.209189 0.242555 0.209189 0.242555 0.208904 0.243730 0.208048 0.244122 0.208333 0.243730 0.208048 0.244122 0.207763 0.244122 0.207477 0.244906 0.206906 0.245298 0.206906 0.246473 0.206050
762 0.267241 0.195205 0.267633 0.194920 0.269592 0.194920 0.269984 0.195205 0.270376 0.195205 0.270768 0.195491 0.271160 0.195491 0.271944 0.196062 0.272727 0.196062 0.273119 0.196347 0.273119 0.196632 0.273511 0.196632 0.275862 0.198345 0.275862 0.198916 0.276254 0.199201 0.276254 0.205194 0.275862 0.205479 0.275862 0.205765 0.275470 0.206050 0.275470 0.206621 0.275078 0.206906 0.275078 0.207763 0.274687 0.208048 0.274687 0.209189 0.274295 0.209475 0.274295 0.209760 0.273119 0.210616 0.272727 0.210616 0.272335 0.210902 0.271944 0.210902 0.271552 0.211187 0.271160 0.211187 0.270768 0.211473 0.269592 0.211473 0.269201 0.211758 0.268809 0.211758 0.268025 0.212329 0.267633 0.212329 0.267241 0.212614 0.266850 0.212614 0.266458 0.212900 0.265282 0.212900 0.264890 0.213185 0.263715 0.213185 0.263323 0.212900 0.262539 0.212900 0.262147 0.212614 0.261755 0.212614 0.260580 0.211758 0.260188 0.211758 0.259404 0.211187 0.259796 0.210902 0.259404 0.211187 0.257445 0.209760 0.257053 0.209760 0.256661 0.209475 0.256661 0.209189 0.255486 0.208333 0.255486 0.208048 0.255094 0.207763 0.254702 0.207763 0.254310 0.207477 0.254310 0.207192 0.253918 0.206906 0.253918 0.206621 0.253527 0.206336 0.253527 0.206050 0.253135 0.205765 0.253527 0.205479 0.253135 0.205479 0.252743 0.205194 0.252743 0.203482 0.253135 0.203196 0.252743 0.202911 0.253135 0.202626 0.253527 0.202626 0.253918 0.202340 0.253527 0.202055 0.253918 0.201769 0.254310 0.201769 0.255486 0.200913 0.255486 0.200628 0.255878 0.200342 0.255878 0.200057 0.256270 0.199772 0.256661 0.199772 0.257445 0.199201 0.257837 0.199201 0.258229 0.199486 0.258621 0.199201 0.258229 0.198916 0.259013 0.198345 0.260188 0.198345 0.259796 0.198059 0.260972 0.197203 0.261364 0.197203 0.262147 0.196632 0.262539 0.196632 0.263323 0.196062 0.263715 0.196062 0.264107 0.195776 0.264498 0.195776 0.264890 0.196062 0.264498 0.195776 0.264890 0.195491 0.265674 0.195491 0.266066 0.195205
762 0.234718 0.194920 0.235110 0.194635 0.235502 0.194635 0.235893 0.194920 0.235893 0.195491 0.236285 0.195776 0.236285 0.197774 0.236677 0.198059 0.236677 0.198916 0.237461 0.199486 0.237461 0.199772 0.238245 0.200342 0.238245 0.200628 0.239028 0.200628 0.239420 0.200913 0.240204 0.200913 0.240596 0.201199 0.241771 0.201199 0.242163 0.201484 0.242163 0.201769 0.242555 0.202055 0.241771 0.202626 0.241379 0.202340 0.241771 0.202626 0.241771 0.203767 0.241379 0.204053 0.241379 0.204623 0.240987 0.204909 0.240987 0.205194 0.240596 0.205479 0.240596 0.206050 0.240204 0.206336 0.239812 0.206336 0.239420 0.206621 0.239420 0.206906 0.238636 0.207477 0.238636 0.207763 0.238245 0.208048 0.238245 0.208333 0.237853 0.208619 0.237853 0.209189 0.237461 0.209475 0.237461 0.209760 0.237069 0.210046 0.237069 0.210331 0.234718 0.212043 0.231191 0.212043 0.230799 0.211758 0.230408 0.211758 0.230016 0.211473 0.229624 0.211473 0.228056 0.210331 0.228056 0.210046 0.227273 0.209475 0.227273 0.208904 0.226881 0.208619 0.226881 0.208333 0.226489 0.208048 0.226489 0.207192 0.226097 0.206906 0.226097 0.206050 0.225705 0.205765 0.225705 0.205479 0.225313 0.205194 0.225313 0.203767 0.224922 0.203482 0.224922 0.201769 0.225313 0.201484 0.225313 0.200913 0.225705 0.200628 0.225705 0.200057 0.226097 0.199772 0.226097 0.199486 0.226489 0.199201 0.226489 0.198916 0.226881 0.198630 0.226881 0.198345 0.227273 0.198059 0.227273 0.197774 0.227665 0.197489 0.227665 0.197203 0.228448 0.196632 0.228448 0.196347 0.228840 0.196062 0.229624 0.196062 0.230016 0.195776 0.231191 0.195776 0.231583 0.195491 0.232759 0.195491 0.233150 0.195205 0.233934 0.195205 0.234326 0.194920
762 0.251176 0.181507 0.254310 0.181507 0.254702 0.181792 0.255094 0.181792 0.258229 0.184075 0.258621 0.184075 0.259404 0.184646 0.259796 0.184646 0.262539 0.186644 0.262539 0.186929 0.262931 0.187215 0.262931 0.187500 0.263323 0.187785 0.263323 0.188356 0.263715 0.188642 0.263715 0.190925 0.264107 0.191210 0.264107 0.191495 0.263323 0.192066 0.263323 0.192637 0.258229 0.196347 0.257837 0.196347 0.257445 0.196632 0.257053 0.196632 0.255094 0.198059 0.254702 0.198059 0.253918 0.198630 0.253527 0.198630 0.253135 0.198916 0.252743 0.198916 0.251567 0.199772 0.251176 0.199772 0.250392 0.200342 0.249608 0.200342 0.248824 0.200913 0.247649 0.200913 0.247257 0.201199 0.246865 0.200913 0.246082 0.200913 0.245690 0.200628 0.245690 0.200342 0.244122 0.199201 0.244122 0.198916 0.243730 0.198916 0.243339 0.198630 0.242947 0.198630 0.242163 0.198059 0.241771 0.198059 0.240987 0.197489 0.240987 0.197203 0.240596 0.196918 0.240596 0.196347 0.240204 0.196062 0.240204 0.191781 0.240596 0.191495 0.240596 0.189498 0.240987 0.189212 0.240987 0.188356 0.241379 0.188071 0.241379 0.187215 0.241771 0.186929 0.241771 0.186073 0.242163 0.185788 0.242163 0.185217 0.242555 0.184932 0.242555 0.184646 0.242947 0.184361 0.243339 0.184646 0.243730 0.184646 0.243730 0.184075 0.244122 0.183790 0.243730 0.183505 0.244514 0.182934 0.245298 0.182934 0.245690 0.183219 0.246082 0.182934 0.246473 0.182934 0.246865 0.182648 0.248041 0.182648 0.248433 0.182363 0.249608 0.182363 0.250000 0.182078 0.250392 0.182363 0.250392 0.182078
